dataset,cohort,participant_id,session_id,chronological_position,video_order,presentation_id,video_name,video_id,content_id,source,canonical_quadrant,emotion_name,stimulus_duration_sec,timeline_start_sec,timeline_end_sec,timeline_duration_sec,timeline_end_is_fallback,segment_file,segment_available,segment_valid,segment_type,is_baseline,is_emotional_stimulus,valence_rating,arousal_rating,dominance_rating,valence_rating_count,arousal_rating_count,rating_policy_status,eeg_available,emg_available,ecg_available,gsr_available,raw_xdf_file,preprocessed_hdf5_file,participant_session_key,source_database_rows,identity_conflict_flag,notes,raw_emg_unit_id,raw_emg_unit_type,raw_emg_boundary_covered,raw_emg_observed_samples,raw_emg_expected_samples,raw_emg_sample_coverage_ratio,raw_emg_max_gap_sec,raw_emg_gap_ok,emg_ch1_finite_fraction,emg_ch2_finite_fraction,emg_ch1_exact_flatline,emg_ch2_exact_flatline,emg_ch1_low_variability_warning,emg_ch2_low_variability_warning,emg_ch1_std,emg_ch2_std,emg_ch1_robust_range,emg_ch2_robust_range,raw_emg_two_channel_eligible,raw_emg_one_channel_eligible,raw_emg_eligibility_reason,strict_signal_qc_applied,strict_two_channel_emg_eligible,strict_one_channel_emg_eligible,strict_signal_qc_status,before_valence,before_arousal,before_dominance,after_valence,after_arousal,after_dominance,after_valence_discard_midpoint_label,after_valence_midpoint_as_low_label,after_valence_midpoint_as_high_label,after_arousal_discard_midpoint_label,after_arousal_midpoint_as_low_label,after_arousal_midpoint_as_high_label,primary_valence_label,primary_arousal_label,primary_valence_label_available,primary_arousal_label_available,primary_label_policy
DEJA-VU,Cohort_B_Paired_EEG_EMG_Strict,P001,S001,2,6,P001_S001_p2,The Champ,the_champ,filmstim_the_champ,FilmStim,C,Sadness,181.0,349.0,530.0,181.0,False,S001_quadrant_C_pos2.h5,True,True,quadrant,False,True,1.0,5.0,9.0,2,2,"before=1,after=1",True,True,True,True,sub-P001_ses-S001_task-Default_run-001_eeg.xdf,clean_P001_S001.h5,P001_S001,journey:1;videos:1;video_mappings:1;ratings:2,False,,P001_S001_p2,presentation,True,92553,92672,0.998715901243094,0.0019556324696168,True,1.0,1.0,False,False,False,False,0.0920436020207588,0.237914666641905,0.4284853744506831,0.7694902420043945,True,True,PASS,False,True,True,NOT_IMPLICATED,3,4,4,1,5,9,0.0,0,0,,0,1,0,,True,False,after_only;discard_midpoint;score_lt_5=low;score_eq_5=missing;score_gt_5=high
DEJA-VU,Cohort_B_Paired_EEG_EMG_Strict,P001,S001,3,10,P001_S001_p3,Scream,scream,filmstim_scream,FilmStim,B,Fear,216.0,663.0,879.0,216.0,False,S001_quadrant_B_pos3.h5,True,True,quadrant,False,True,5.0,5.0,4.0,2,2,"before=1,after=1",True,True,True,True,sub-P001_ses-S001_task-Default_run-001_eeg.xdf,clean_P001_S001.h5,P001_S001,journey:1;videos:1;video_mappings:1;ratings:2,False,,P001_S001_p3,presentation,True,110450,110592,0.9987160011574074,0.0019556324696168,True,1.0,1.0,False,False,False,False,0.4395976254832141,0.2719753992156382,3.1887644577026366,0.8444485664367676,True,True,PASS,False,True,True,NOT_IMPLICATED,4,4,2,5,5,4,,0,1,,0,1,,,False,False,after_only;discard_midpoint;score_lt_5=low;score_eq_5=missing;score_gt_5=high
DEJA-VU,Cohort_B_Paired_EEG_EMG_Strict,P001,S001,4,14,P001_S001_p4,The Visitors,the_visitors,filmstim_the_visitors,FilmStim,A,Fun,130.0,1012.0,1142.0,130.0,False,S001_quadrant_A_pos4.h5,True,True,quadrant,False,True,6.0,3.0,2.0,2,2,"before=1,after=1",True,True,True,True,sub-P001_ses-S001_task-Default_run-001_eeg.xdf,clean_P001_S001.h5,P001_S001,journey:1;videos:1;video_mappings:1;ratings:2,False,,P001_S001_p4,presentation,True,66474,66560,0.9987079326923076,0.0019556324696168,True,1.0,1.0,False,False,False,False,0.4168004266712508,0.2359660465965173,2.6657307147979736,0.7540245437622062,True,True,PASS,False,True,True,NOT_IMPLICATED,3,2,2,6,3,2,1.0,1,1,0.0,0,0,1,0,True,True,after_only;discard_midpoint;score_lt_5=low;score_eq_5=missing;score_gt_5=high
DEJA-VU,Cohort_B_Paired_EEG_EMG_Strict,P001,S002,2,6,P001_S002_p2,The Exorcist,the_exorcist,filmstim_the_exorcist,FilmStim,B,Fear,101.0,349.0,450.0,101.0,False,S002_quadrant_B_pos2.h5,True,True,quadrant,False,True,2.0,3.0,1.0,2,2,"before=1,after=1",True,True,True,True,sub-P001_ses-S002_task-Default_run-001_eeg.xdf,clean_P001_S002.h5,P001_S002,journey:1;videos:1;video_mappings:1;ratings:2,False,,P001_S002_p2,presentation,True,51710,51712,0.9999613242574258,0.0019531903380993,True,1.0,1.0,False,False,False,False,0.0476693168366047,0.1577308979823659,0.2112180972099304,0.5482401847839355,True,True,PASS,False,True,True,NOT_IMPLICATED,6,3,3,2,3,1,0.0,0,0,0.0,0,0,0,0,True,True,after_only;discard_midpoint;score_lt_5=low;score_eq_5=missing;score_gt_5=high
DEJA-VU,Cohort_B_Paired_EEG_EMG_Strict,P001,S002,3,10,P001_S002_p3,Life is beautiful,life_is_beautiful,filmstim_life_is_beautiful,FilmStim,C,Sadness,127.0,583.0,710.0,127.0,False,S002_quadrant_C_pos3.h5,True,True,quadrant,False,True,1.0,2.0,1.0,2,2,"before=1,after=1",True,True,True,True,sub-P001_ses-S002_task-Default_run-001_eeg.xdf,clean_P001_S002.h5,P001_S002,journey:1;videos:1;video_mappings:1;ratings:2,False,,P001_S002_p3,presentation,True,65021,65024,0.9999538631889764,0.0019531903380993,True,1.0,1.0,False,False,False,False,0.0737525681707484,0.0603458815187358,0.2328805923461914,0.2551803588867187,True,True,PASS,False,True,True,NOT_IMPLICATED,5,4,3,1,2,1,0.0,0,0,0.0,0,0,0,0,True,True,after_only;discard_midpoint;score_lt_5=low;score_eq_5=missing;score_gt_5=high
DEJA-VU,Cohort_B_Paired_EEG_EMG_Strict,P001,S002,4,14,P001_S002_p4,There is something about Mary 2,there_is_something_about_mary_2,filmstim_there_is_something_about_mary_2,FilmStim,A,Fun,146.0,843.0,989.0,146.0,False,S002_quadrant_A_pos4.h5,True,True,quadrant,False,True,6.0,5.0,4.0,2,2,"before=1,after=1",True,True,True,True,sub-P001_ses-S002_task-Default_run-001_eeg.xdf,clean_P001_S002.h5,P001_S002,journey:1;videos:1;video_mappings:1;ratings:2,False,,P001_S002_p4,presentation,True,74750,74752,0.9999732448630136,0.0019531903380993,True,1.0,1.0,False,False,False,False,0.0829506511225078,0.0587746651970865,0.2813465595245361,0.2853968048095687,True,True,PASS,False,True,True,NOT_IMPLICATED,4,3,2,6,5,4,1.0,1,1,,0,1,1,,True,False,after_only;discard_midpoint;score_lt_5=low;score_eq_5=missing;score_gt_5=high
DEJA-VU,Cohort_B_Paired_EEG_EMG_Strict,P002,S001,2,6,P002_S001_p2,28 days later,28_days_later,emostim_28_days_later,EmoStim,B,Fear,172.0,349.0,521.0,172.0,False,S001_quadrant_B_pos2.h5,True,True,quadrant,False,True,7.0,7.0,9.0,2,2,"before=1,after=1",True,True,True,True,sub-P002_ses-S001_task-Default_run-001_eeg.xdf,clean_P002_S001.h5,P002_S001,journey:1;videos:1;video_mappings:1;ratings:2,False,,P002_S001_p2,presentation,True,87934,88064,0.998523800872093,0.0019560125656425,True,1.0,1.0,False,False,False,False,0.5383204339964365,0.1438302820841477,3.642767590284348,0.8595058250427243,True,True,PASS,False,True,True,NOT_IMPLICATED,4,5,3,7,7,9,1.0,1,1,1.0,1,1,1,1,True,True,after_only;discard_midpoint;score_lt_5=low;score_eq_5=missing;score_gt_5=high
DEJA-VU,Cohort_B_Paired_EEG_EMG_Strict,P002,S001,3,10,P002_S001_p3,Mr. Bean,mr._bean,emostim_mr._bean,EmoStim,A,Fun,159.0,654.0,813.0,159.0,False,S001_quadrant_A_pos3.h5,True,True,quadrant,False,True,9.0,9.0,9.0,2,2,"before=1,after=1",True,True,True,True,sub-P002_ses-S001_task-Default_run-001_eeg.xdf,clean_P002_S001.h5,P002_S001,journey:1;videos:1;video_mappings:1;ratings:2,False,,P002_S001_p3,presentation,True,81288,81408,0.9985259433962264,0.0019560125656425,True,1.0,1.0,False,False,False,False,0.1720917694909753,0.1431609867186159,0.8834962195158005,0.7981079864501943,True,True,PASS,False,True,True,NOT_IMPLICATED,7,3,7,9,9,9,1.0,1,1,1.0,1,1,1,1,True,True,after_only;discard_midpoint;score_lt_5=low;score_eq_5=missing;score_gt_5=high
DEJA-VU,Cohort_B_Paired_EEG_EMG_Strict,P002,S001,4,14,P002_S001_p4,Dangerous Minds,dangerous_minds,"emostim,_filmstim_dangerous_minds","EmoStim, FilmStim",C,Sadness,143.0,946.0,1089.0,143.0,False,S001_quadrant_C_pos4.h5,True,True,quadrant,False,True,5.0,9.0,9.0,2,2,"before=1,after=1",True,True,True,True,sub-P002_ses-S001_task-Default_run-001_eeg.xdf,clean_P002_S001.h5,P002_S001,journey:1;videos:1;video_mappings:1;ratings:2,False,,P002_S001_p4,presentation,True,73108,73216,0.9985249125874126,0.0019560125656425,True,1.0,1.0,False,False,False,False,0.0689315836848767,0.1204747718852316,0.3246658873558044,0.7222210693359372,True,True,PASS,False,True,True,NOT_IMPLICATED,9,5,9,5,9,9,,0,1,1.0,1,1,,1,False,True,after_only;discard_midpoint;score_lt_5=low;score_eq_5=missing;score_gt_5=high
DEJA-VU,Cohort_B_Paired_EEG_EMG_Strict,P002,S002,2,6,P002_S002_p2,When Harry met Sally,when_harry_met_sally,filmstim_when_harry_met_sally,FilmStim,A,Fun,172.0,349.0,521.0,172.0,False,S002_quadrant_A_pos2.h5,True,True,quadrant,False,True,9.0,7.0,7.0,2,2,"before=1,after=1",True,True,True,True,sub-P002_ses-S002_task-Default_run-001_eeg.xdf,clean_P002_S002.h5,P002_S002,journey:1;videos:1;video_mappings:1;ratings:2,False,,P002_S002_p2,presentation,True,88061,88064,0.9999659338662792,0.0019531900616129,True,1.0,1.0,False,False,False,False,0.4118527139662247,0.1413552037707955,2.4073623113334177,0.6938725471496587,True,True,PASS,False,True,True,NOT_IMPLICATED,5,3,3,9,7,7,1.0,1,1,1.0,1,1,1,1,True,True,after_only;discard_midpoint;score_lt_5=low;score_eq_5=missing;score_gt_5=high
DEJA-VU,Cohort_B_Paired_EEG_EMG_Strict,P002,S002,3,10,P002_S002_p3,Scream,scream,filmstim_scream,FilmStim,B,Fear,216.0,654.0,870.0,216.0,False,S002_quadrant_B_pos3.h5,True,True,quadrant,False,True,8.0,8.0,9.0,2,2,"before=1,after=1",True,True,True,True,sub-P002_ses-S002_task-Default_run-001_eeg.xdf,clean_P002_S002.h5,P002_S002,journey:1;videos:1;video_mappings:1;ratings:2,False,,P002_S002_p3,presentation,True,110588,110592,0.9999638310185184,0.0019531900616129,True,1.0,1.0,False,False,False,False,0.2578642783104619,0.1058958873300387,1.6589332903921603,0.5839604187011718,True,True,PASS,False,True,True,NOT_IMPLICATED,8,5,5,8,8,9,1.0,1,1,1.0,1,1,1,1,True,True,after_only;discard_midpoint;score_lt_5=low;score_eq_5=missing;score_gt_5=high
DEJA-VU,Cohort_B_Paired_EEG_EMG_Strict,P002,S002,4,14,P002_S002_p4,My girl,my_girl,emostim_my_girl,EmoStim,C,Sadness,199.0,1003.0,1202.0,199.0,False,S002_quadrant_C_pos4.h5,True,True,quadrant,False,True,3.0,5.0,5.0,2,2,"before=1,after=1",True,True,True,True,sub-P002_ses-S002_task-Default_run-001_eeg.xdf,clean_P002_S002.h5,P002_S002,journey:1;videos:1;video_mappings:1;ratings:2,False,,P002_S002_p4,presentation,True,101885,101888,0.9999705559045228,0.0019531900616129,True,1.0,1.0,False,False,False,False,0.0547808735717543,0.1052091423623748,0.2127107195556163,0.536290550231934,True,True,PASS,False,True,True,NOT_IMPLICATED,8,4,5,3,5,5,0.0,0,0,,0,1,0,,True,False,after_only;discard_midpoint;score_lt_5=low;score_eq_5=missing;score_gt_5=high
DEJA-VU,Cohort_B_Paired_EEG_EMG_Strict,P003,S001,2,6,P003_S001_p2,There is something about Mary,there_is_something_about_mary,filmstim_there_is_something_about_mary,FilmStim,A,Fun,174.0,349.0,523.0,174.0,False,S001_quadrant_A_pos2.h5,True,True,quadrant,False,True,6.0,3.0,6.0,2,2,"before=1,after=1",True,True,True,True,sub-P003_ses-S001_task-Default_run-001_eeg.xdf,clean_P003_S001.h5,P003_S001,journey:1;videos:1;video_mappings:1;ratings:2,False,,P003_S001_p2,presentation,True,88976,89088,0.998742816091954,0.0019555853214114,True,1.0,1.0,False,False,False,False,0.2010164532468512,0.2464660472393295,0.8568168878555298,0.944732666015625,True,True,PASS,False,True,True,NOT_IMPLICATED,5,3,5,6,3,6,1.0,1,1,0.0,0,0,1,0,True,True,after_only;discard_midpoint;score_lt_5=low;score_eq_5=missing;score_gt_5=high
DEJA-VU,Cohort_B_Paired_EEG_EMG_Strict,P003,S001,3,10,P003_S001_p3,My girl,my_girl,emostim_my_girl,EmoStim,C,Sadness,199.0,656.0,855.0,199.0,False,S001_quadrant_C_pos3.h5,True,True,quadrant,False,True,5.0,3.0,4.0,2,2,"before=1,after=1",True,True,True,True,sub-P003_ses-S001_task-Default_run-001_eeg.xdf,clean_P003_S001.h5,P003_S001,journey:1;videos:1;video_mappings:1;ratings:2,False,,P003_S001_p3,presentation,True,101760,101888,0.9987437185929648,0.0019555853214114,True,1.0,1.0,False,False,False,False,0.0640959050175551,0.2333803652594841,0.2796154022216797,1.231342945098877,True,True,PASS,False,True,True,NOT_IMPLICATED,6,3,6,5,3,4,,0,1,0.0,0,0,,0,False,True,after_only;discard_midpoint;score_lt_5=low;score_eq_5=missing;score_gt_5=high
DEJA-VU,Cohort_B_Paired_EEG_EMG_Strict,P003,S001,4,14,P003_S001_p4,The Shining,the_shining,emostim_the_shining,EmoStim,B,Fear,165.0,988.0,1153.0,165.0,False,S001_quadrant_B_pos4.h5,True,True,quadrant,False,True,2.0,6.0,3.0,2,2,"before=1,after=1",True,True,True,True,sub-P003_ses-S001_task-Default_run-001_eeg.xdf,clean_P003_S001.h5,P003_S001,journey:1;videos:1;video_mappings:1;ratings:2,False,,P003_S001_p4,presentation,True,84374,84480,0.9987452651515152,0.0019555853214114,True,1.0,1.0,False,False,False,False,0.1401764222757973,0.3134779873870001,0.5217889320850375,1.4981708908081046,True,True,PASS,False,True,True,NOT_IMPLICATED,4,3,4,2,6,3,0.0,0,0,1.0,1,1,0,1,True,True,after_only;discard_midpoint;score_lt_5=low;score_eq_5=missing;score_gt_5=high
DEJA-VU,Cohort_B_Paired_EEG_EMG_Strict,P004,S001,2,6,P004_S001_p2,Scream,scream,filmstim_scream,FilmStim,B,Fear,216.0,349.0,565.0,216.0,False,S001_quadrant_B_pos2.h5,True,True,quadrant,False,True,3.0,5.0,7.0,2,2,"before=1,after=1",True,True,True,True,sub-P004_ses-S001_task-Default_run-001_eeg.xdf,clean_P004_S001.h5,P004_S001,journey:1;videos:1;video_mappings:1;ratings:2,False,,P004_S001_p2,presentation,True,110434,110592,0.9985713252314816,0.0019559205902623,True,1.0,1.0,False,False,False,False,0.0850927194452473,0.1099602987897157,0.4115349483489989,0.4978798246383666,True,True,PASS,False,True,True,NOT_IMPLICATED,5,5,3,3,5,7,0.0,0,0,,0,1,0,,True,False,after_only;discard_midpoint;score_lt_5=low;score_eq_5=missing;score_gt_5=high
DEJA-VU,Cohort_B_Paired_EEG_EMG_Strict,P004,S001,3,10,P004_S001_p3,Mr. Bean,mr._bean,emostim_mr._bean,EmoStim,A,Fun,159.0,698.0,857.0,159.0,False,S001_quadrant_A_pos3.h5,True,True,quadrant,False,True,9.0,5.0,7.0,2,2,"before=1,after=1",True,True,True,True,sub-P004_ses-S001_task-Default_run-001_eeg.xdf,clean_P004_S001.h5,P004_S001,journey:1;videos:1;video_mappings:1;ratings:2,False,,P004_S001_p3,presentation,True,81292,81408,0.9985750786163522,0.0019559205902623,True,1.0,1.0,False,False,False,False,0.1835730664771293,0.1377152902243497,1.0977021980285642,0.6754015135765075,True,True,PASS,False,True,True,NOT_IMPLICATED,5,5,3,9,5,7,1.0,1,1,,0,1,1,,True,False,after_only;discard_midpoint;score_lt_5=low;score_eq_5=missing;score_gt_5=high
DEJA-VU,Cohort_B_Paired_EEG_EMG_Strict,P004,S001,4,14,P004_S001_p4,The Champ,the_champ,filmstim_the_champ,FilmStim,C,Sadness,181.0,990.0,1171.0,181.0,False,S001_quadrant_C_pos4.h5,True,True,quadrant,False,True,1.0,3.0,7.0,2,2,"before=1,after=1",True,True,True,True,sub-P004_ses-S001_task-Default_run-001_eeg.xdf,clean_P004_S001.h5,P004_S001,journey:1;videos:1;video_mappings:1;ratings:2,False,,P004_S001_p4,presentation,True,92539,92672,0.9985648308011048,0.0019559205902623,True,1.0,1.0,False,False,False,False,0.1946205441899353,0.0980237096218652,1.005056972503663,0.6557428073883047,True,True,PASS,False,True,True,NOT_IMPLICATED,5,7,3,1,3,7,0.0,0,0,0.0,0,0,0,0,True,True,after_only;discard_midpoint;score_lt_5=low;score_eq_5=missing;score_gt_5=high
DEJA-VU,Cohort_B_Paired_EEG_EMG_Strict,P005,S001,2,6,P005_S001_p2,The Visitors,the_visitors,filmstim_the_visitors,FilmStim,A,Fun,130.0,349.0,479.0,130.0,False,S001_quadrant_A_pos2.h5,True,True,quadrant,False,True,8.0,7.0,8.0,2,2,"before=1,after=1",True,True,True,True,sub-P005_ses-S001_task-Default_run-001_eeg.xdf,clean_P005_S001.h5,P005_S001,journey:1;videos:1;video_mappings:1;ratings:2,False,,P005_S001_p2,presentation,True,66465,66560,0.998572716346154,0.0019558992062229,True,1.0,1.0,False,False,False,False,0.1712905139126953,0.1463337864274988,0.6140934753417966,0.5372991561889648,True,True,PASS,False,True,True,NOT_IMPLICATED,7,4,2,8,7,8,1.0,1,1,1.0,1,1,1,1,True,True,after_only;discard_midpoint;score_lt_5=low;score_eq_5=missing;score_gt_5=high
DEJA-VU,Cohort_B_Paired_EEG_EMG_Strict,P005,S001,3,10,P005_S001_p3,The Champ,the_champ,filmstim_the_champ,FilmStim,C,Sadness,181.0,612.0,793.0,181.0,False,S001_quadrant_C_pos3.h5,True,True,quadrant,False,True,5.0,3.0,3.0,2,2,"before=1,after=1",True,True,True,True,sub-P005_ses-S001_task-Default_run-001_eeg.xdf,clean_P005_S001.h5,P005_S001,journey:1;videos:1;video_mappings:1;ratings:2,False,,P005_S001_p3,presentation,True,92540,92672,0.9985756215469612,0.0019558992062229,True,1.0,1.0,False,False,False,False,0.0759081435148859,0.0749816390102538,0.3329615592956543,0.3649273967742914,True,True,PASS,False,True,True,NOT_IMPLICATED,7,3,1,5,3,3,,0,1,0.0,0,0,,0,False,True,after_only;discard_midpoint;score_lt_5=low;score_eq_5=missing;score_gt_5=high
DEJA-VU,Cohort_B_Paired_EEG_EMG_Strict,P005,S001,4,14,P005_S001_p4,Misery,misery,filmstim_misery,FilmStim,B,Fear,220.0,926.0,1146.0,220.0,False,S001_quadrant_B_pos4.h5,True,True,quadrant,False,True,5.0,5.0,5.0,2,2,"before=1,after=1",True,True,True,True,sub-P005_ses-S001_task-Default_run-001_eeg.xdf,clean_P005_S001.h5,P005_S001,journey:1;videos:1;video_mappings:1;ratings:2,False,,P005_S001_p4,presentation,True,112480,112640,0.9985795454545454,0.0019558992062229,True,1.0,1.0,False,False,False,False,0.1079584593447494,0.0811121354181618,0.4909177827835087,0.393041534423828,True,True,PASS,False,True,True,NOT_IMPLICATED,6,1,1,5,5,5,,0,1,,0,1,,,False,False,after_only;discard_midpoint;score_lt_5=low;score_eq_5=missing;score_gt_5=high
DEJA-VU,Cohort_B_Paired_EEG_EMG_Strict,P006,S001,2,6,P006_S001_p2,There is something about Mary,there_is_something_about_mary,filmstim_there_is_something_about_mary,FilmStim,A,Fun,174.0,349.0,523.0,174.0,False,S001_quadrant_A_pos2.h5,True,True,quadrant,False,True,6.0,3.0,5.0,2,2,"before=1,after=1",True,True,True,True,sub-P006_ses-S001_task-Default_run-001_eeg.xdf,clean_P006_S001.h5,P006_S001,journey:1;videos:1;video_mappings:1;ratings:2,False,,P006_S001_p2,presentation,True,88980,89088,0.9987877155172412,0.0019554996397346,True,1.0,1.0,False,False,False,False,0.1356023921895803,0.1177167377906235,0.5828680610656747,0.5456063365936279,True,True,PASS,False,True,True,NOT_IMPLICATED,5,3,5,6,3,5,1.0,1,1,0.0,0,0,1,0,True,True,after_only;discard_midpoint;score_lt_5=low;score_eq_5=missing;score_gt_5=high
DEJA-VU,Cohort_B_Paired_EEG_EMG_Strict,P006,S001,3,10,P006_S001_p3,The Champ,the_champ,filmstim_the_champ,FilmStim,C,Sadness,181.0,656.0,837.0,181.0,False,S001_quadrant_C_pos3.h5,True,True,quadrant,False,True,3.0,5.0,3.0,2,2,"before=1,after=1",True,True,True,True,sub-P006_ses-S001_task-Default_run-001_eeg.xdf,clean_P006_S001.h5,P006_S001,journey:1;videos:1;video_mappings:1;ratings:2,False,,P006_S001_p3,presentation,True,92560,92672,0.9987914364640884,0.0019554996397346,True,1.0,1.0,False,False,False,False,0.2147190959966736,0.167539029556891,0.6897716522216797,0.9956600785255434,True,True,PASS,False,True,True,NOT_IMPLICATED,5,3,5,3,5,3,0.0,0,0,,0,1,0,,True,False,after_only;discard_midpoint;score_lt_5=low;score_eq_5=missing;score_gt_5=high
DEJA-VU,Cohort_B_Paired_EEG_EMG_Strict,P006,S001,4,14,P006_S001_p4,The Shining,the_shining,emostim_the_shining,EmoStim,B,Fear,165.0,970.0,1135.0,165.0,False,S001_quadrant_B_pos4.h5,True,True,quadrant,False,True,4.0,4.0,3.0,2,2,"before=1,after=1",True,True,True,True,sub-P006_ses-S001_task-Default_run-001_eeg.xdf,clean_P006_S001.h5,P006_S001,journey:1;videos:1;video_mappings:1;ratings:2,False,,P006_S001_p4,presentation,True,84377,84480,0.9987807765151516,0.0019554996397346,True,1.0,1.0,False,False,False,False,0.0998996812804058,0.0713501976683353,0.3759222030639648,0.3053445816040039,True,True,PASS,False,True,True,NOT_IMPLICATED,4,3,5,4,4,3,0.0,0,0,0.0,0,0,0,0,True,True,after_only;discard_midpoint;score_lt_5=low;score_eq_5=missing;score_gt_5=high
DEJA-VU,Cohort_B_Paired_EEG_EMG_Strict,P007,S001,2,6,P007_S001_p2,28 days later,28_days_later,emostim_28_days_later,EmoStim,B,Fear,172.0,349.0,521.0,172.0,False,S001_quadrant_B_pos2.h5,True,True,quadrant,False,True,2.0,7.0,2.0,2,2,"before=1,after=1",True,True,True,True,sub-P007_ses-S001_task-Default_run-001_eeg.xdf,clean_P007_S001.h5,P007_S001,journey:1;videos:1;video_mappings:1;ratings:2,False,,P007_S001_p2,presentation,True,88061,88064,0.9999659338662792,0.0019531867001205,True,1.0,1.0,False,False,False,False,0.0602381627364244,0.1323876447340818,0.2564404010772705,0.480830109119415,True,True,PASS,False,True,True,NOT_IMPLICATED,5,2,3,2,7,2,0.0,0,0,1.0,1,1,0,1,True,True,after_only;discard_midpoint;score_lt_5=low;score_eq_5=missing;score_gt_5=high
DEJA-VU,Cohort_B_Paired_EEG_EMG_Strict,P007,S001,3,10,P007_S001_p3,My girl,my_girl,emostim_my_girl,EmoStim,C,Sadness,199.0,654.0,853.0,199.0,False,S001_quadrant_C_pos3.h5,True,True,quadrant,False,True,1.0,3.0,3.0,2,2,"before=1,after=1",True,True,True,True,sub-P007_ses-S001_task-Default_run-001_eeg.xdf,clean_P007_S001.h5,P007_S001,journey:1;videos:1;video_mappings:1;ratings:2,False,,P007_S001_p3,presentation,True,101884,101888,0.9999607412060302,0.0019531867001205,True,1.0,1.0,False,False,False,False,0.2215400583203242,0.0535102555045446,0.7548971176147461,0.3230368798971175,True,True,PASS,False,True,True,NOT_IMPLICATED,6,3,4,1,3,3,0.0,0,0,0.0,0,0,0,0,True,True,after_only;discard_midpoint;score_lt_5=low;score_eq_5=missing;score_gt_5=high
DEJA-VU,Cohort_B_Paired_EEG_EMG_Strict,P007,S001,4,14,P007_S001_p4,When Harry met Sally,when_harry_met_sally,filmstim_when_harry_met_sally,FilmStim,A,Fun,172.0,986.0,1158.0,172.0,False,S001_quadrant_A_pos4.h5,True,True,quadrant,False,True,8.0,6.0,5.0,2,2,"before=1,after=1",True,True,True,True,sub-P007_ses-S001_task-Default_run-001_eeg.xdf,clean_P007_S001.h5,P007_S001,journey:1;videos:1;video_mappings:1;ratings:2,False,,P007_S001_p4,presentation,True,88062,88064,0.999977289244186,0.0019531867001205,True,1.0,1.0,False,False,False,False,0.145667371480325,0.0766839169602486,0.5756214594841005,0.3356781005859375,True,True,PASS,False,True,True,NOT_IMPLICATED,7,3,6,8,6,5,1.0,1,1,1.0,1,1,1,1,True,True,after_only;discard_midpoint;score_lt_5=low;score_eq_5=missing;score_gt_5=high
DEJA-VU,Cohort_B_Paired_EEG_EMG_Strict,P007,S002,2,6,P007_S002_p2,Mr. Bean,mr._bean,emostim_mr._bean,EmoStim,A,Fun,159.0,349.0,508.0,159.0,False,S002_quadrant_A_pos2.h5,True,True,quadrant,False,True,7.0,4.0,6.0,2,2,"before=1,after=1",True,True,True,True,sub-P007_ses-S002_task-Default_run-001_eeg.xdf,clean_P007_S002.h5,P007_S002,journey:1;videos:1;video_mappings:1;ratings:2,False,,P007_S002_p2,presentation,True,81299,81408,0.9986610652515724,0.0019557302039174,True,1.0,1.0,False,False,False,False,0.1535103164518639,0.0878449883263865,0.6474404811859138,0.4300613403320312,True,True,PASS,False,True,True,NOT_IMPLICATED,5,2,5,7,4,6,1.0,1,1,0.0,0,0,1,0,True,True,after_only;discard_midpoint;score_lt_5=low;score_eq_5=missing;score_gt_5=high
DEJA-VU,Cohort_B_Paired_EEG_EMG_Strict,P007,S002,3,10,P007_S002_p3,Misery,misery,filmstim_misery,FilmStim,B,Fear,220.0,641.0,861.0,220.0,False,S002_quadrant_B_pos3.h5,True,True,quadrant,False,True,2.0,7.0,2.0,2,2,"before=1,after=1",True,True,True,True,sub-P007_ses-S002_task-Default_run-001_eeg.xdf,clean_P007_S002.h5,P007_S002,journey:1;videos:1;video_mappings:1;ratings:2,False,,P007_S002_p3,presentation,True,112490,112640,0.9986683238636364,0.0019557302075554,True,1.0,1.0,False,False,False,False,0.0687942730177787,0.6420821902205599,0.3111085891723633,2.024275169372558,True,True,PASS,False,True,True,NOT_IMPLICATED,6,2,5,2,7,2,0.0,0,0,1.0,1,1,0,1,True,True,after_only;discard_midpoint;score_lt_5=low;score_eq_5=missing;score_gt_5=high
DEJA-VU,Cohort_B_Paired_EEG_EMG_Strict,P007,S002,4,14,P007_S002_p4,Dangerous Minds,dangerous_minds,"emostim,_filmstim_dangerous_minds","EmoStim, FilmStim",C,Sadness,143.0,994.0,1137.0,143.0,False,S002_quadrant_C_pos4.h5,True,True,quadrant,False,True,2.0,4.0,3.0,2,2,"before=1,after=1",True,True,True,True,sub-P007_ses-S002_task-Default_run-001_eeg.xdf,clean_P007_S002.h5,P007_S002,journey:1;videos:1;video_mappings:1;ratings:2,False,,P007_S002_p4,presentation,True,73118,73216,0.9986614947552448,0.0019557302075554,True,1.0,1.0,False,False,False,False,0.1077823282609442,0.2722035367817629,0.3623831272125244,0.9941405439376833,True,True,PASS,False,True,True,NOT_IMPLICATED,4,3,4,2,4,3,0.0,0,0,0.0,0,0,0,0,True,True,after_only;discard_midpoint;score_lt_5=low;score_eq_5=missing;score_gt_5=high
DEJA-VU,Cohort_B_Paired_EEG_EMG_Strict,P008,S001,2,6,P008_S001_p2,My girl,my_girl,emostim_my_girl,EmoStim,C,Sadness,199.0,349.0,548.0,199.0,False,S001_quadrant_C_pos2.h5,True,True,quadrant,False,True,1.0,7.0,3.0,2,2,"before=1,after=1",True,True,True,True,sub-P008_ses-S001_task-Default_run-001_eeg.xdf,clean_P008_S001.h5,P008_S001,journey:1;videos:1;video_mappings:1;ratings:2,False,,P008_S001_p2,presentation,True,101885,101888,0.9999705559045228,0.0019531875150278,True,1.0,1.0,False,False,False,False,0.3109041364628584,0.1513587132501266,1.026458740234375,0.5513744354248047,True,True,PASS,False,True,True,NOT_IMPLICATED,5,3,1,1,7,3,0.0,0,0,1.0,1,1,0,1,True,True,after_only;discard_midpoint;score_lt_5=low;score_eq_5=missing;score_gt_5=high
DEJA-VU,Cohort_B_Paired_EEG_EMG_Strict,P008,S001,3,10,P008_S001_p3,The Shining,the_shining,emostim_the_shining,EmoStim,B,Fear,165.0,681.0,846.0,165.0,False,S001_quadrant_B_pos3.h5,True,True,quadrant,False,True,1.0,6.0,7.0,2,2,"before=1,after=1",True,True,True,True,sub-P008_ses-S001_task-Default_run-001_eeg.xdf,clean_P008_S001.h5,P008_S001,journey:1;videos:1;video_mappings:1;ratings:2,False,,P008_S001_p3,presentation,True,84477,84480,0.9999644886363636,0.0019531875150278,True,1.0,1.0,False,False,False,False,0.0829194052701491,0.1192076216837132,0.4129253578186036,0.5149233245849612,True,True,PASS,False,True,True,NOT_IMPLICATED,7,1,1,1,6,7,0.0,0,0,1.0,1,1,0,1,True,True,after_only;discard_midpoint;score_lt_5=low;score_eq_5=missing;score_gt_5=high
DEJA-VU,Cohort_B_Paired_EEG_EMG_Strict,P008,S001,4,14,P008_S001_p4,When Harry met Sally,when_harry_met_sally,filmstim_when_harry_met_sally,FilmStim,A,Fun,172.0,979.0,1151.0,172.0,False,S001_quadrant_A_pos4.h5,True,True,quadrant,False,True,7.0,7.0,3.0,2,2,"before=1,after=1",True,True,True,True,sub-P008_ses-S001_task-Default_run-001_eeg.xdf,clean_P008_S001.h5,P008_S001,journey:1;videos:1;video_mappings:1;ratings:2,False,,P008_S001_p4,presentation,True,88061,88064,0.9999659338662792,0.0019531875150278,True,1.0,1.0,False,False,False,False,0.206932645872551,0.1455344069816211,0.8843506813049311,0.6392286300659187,True,True,PASS,False,True,True,NOT_IMPLICATED,3,1,1,7,7,3,1.0,1,1,1.0,1,1,1,1,True,True,after_only;discard_midpoint;score_lt_5=low;score_eq_5=missing;score_gt_5=high
DEJA-VU,Cohort_B_Paired_EEG_EMG_Strict,P009,S001,2,6,P009_S001_p2,My girl,my_girl,emostim_my_girl,EmoStim,C,Sadness,199.0,349.0,548.0,199.0,False,S001_quadrant_C_pos2.h5,True,True,quadrant,False,True,4.0,6.0,5.0,2,2,"before=1,after=1",True,True,True,True,sub-P009_ses-S001_task-Default_run-001_eeg.xdf,clean_P009_S001.h5,P009_S001,journey:1;videos:1;video_mappings:1;ratings:2,False,,P009_S001_p2,presentation,True,101885,101888,0.9999705559045228,0.0019531816942617,True,1.0,1.0,False,False,False,False,0.023253849864667,0.0757217110303211,0.1054418087005615,0.2726993560791015,True,True,PASS,False,True,True,NOT_IMPLICATED,8,6,6,4,6,5,0.0,0,0,1.0,1,1,0,1,True,True,after_only;discard_midpoint;score_lt_5=low;score_eq_5=missing;score_gt_5=high
DEJA-VU,Cohort_B_Paired_EEG_EMG_Strict,P009,S001,3,10,P009_S001_p3,28 days later,28_days_later,emostim_28_days_later,EmoStim,B,Fear,172.0,681.0,853.0,172.0,False,S001_quadrant_B_pos3.h5,True,True,quadrant,False,True,5.0,7.0,5.0,2,2,"before=1,after=1",True,True,True,True,sub-P009_ses-S001_task-Default_run-001_eeg.xdf,clean_P009_S001.h5,P009_S001,journey:1;videos:1;video_mappings:1;ratings:2,False,,P009_S001_p3,presentation,True,88061,88064,0.9999659338662792,0.0019531816942617,True,1.0,1.0,False,False,False,False,0.0454610844956593,0.1214031452897359,0.1563453435897828,0.580655670166017,True,True,PASS,False,True,True,NOT_IMPLICATED,7,4,6,5,7,5,,0,1,1.0,1,1,,1,False,True,after_only;discard_midpoint;score_lt_5=low;score_eq_5=missing;score_gt_5=high
DEJA-VU,Cohort_B_Paired_EEG_EMG_Strict,P009,S001,4,14,P009_S001_p4,There is something about Mary,there_is_something_about_mary,filmstim_there_is_something_about_mary,FilmStim,A,Fun,174.0,986.0,1160.0,174.0,False,S001_quadrant_A_pos4.h5,True,True,quadrant,False,True,9.0,5.0,7.0,2,2,"before=1,after=1",True,True,True,True,sub-P009_ses-S001_task-Default_run-001_eeg.xdf,clean_P009_S001.h5,P009_S001,journey:1;videos:1;video_mappings:1;ratings:2,False,,P009_S001_p4,presentation,True,89085,89088,0.9999663254310344,0.0019531816942617,True,1.0,1.0,False,False,False,False,0.0408981444759773,0.0449360168430292,0.1706676864624023,0.1855509948730471,True,True,PASS,False,True,True,NOT_IMPLICATED,7,5,6,9,5,7,1.0,1,1,,0,1,1,,True,False,after_only;discard_midpoint;score_lt_5=low;score_eq_5=missing;score_gt_5=high
DEJA-VU,Cohort_B_Paired_EEG_EMG_Strict,P009,S002,2,6,P009_S002_p2,Misery,misery,filmstim_misery,FilmStim,B,Fear,220.0,349.0,569.0,220.0,False,S002_quadrant_B_pos2.h5,True,True,quadrant,False,True,4.0,6.0,6.0,2,2,"before=1,after=1",True,True,True,True,sub-P009_ses-S002_task-Default_run-001_eeg.xdf,clean_P009_S002.h5,P009_S002,journey:1;videos:1;video_mappings:1;ratings:2,False,,P009_S002_p2,presentation,True,112485,112640,0.9986239346590908,0.0019558060112103,True,1.0,1.0,False,False,False,False,0.0995235130259834,0.1823912719990118,0.4338634395599365,0.6057093811035159,True,True,PASS,False,True,True,NOT_IMPLICATED,7,5,5,4,6,6,0.0,0,0,1.0,1,1,0,1,True,True,after_only;discard_midpoint;score_lt_5=low;score_eq_5=missing;score_gt_5=high
DEJA-VU,Cohort_B_Paired_EEG_EMG_Strict,P009,S002,3,10,P009_S002_p3,Dangerous Minds,dangerous_minds,"emostim,_filmstim_dangerous_minds","EmoStim, FilmStim",C,Sadness,143.0,702.0,845.0,143.0,False,S002_quadrant_C_pos3.h5,True,True,quadrant,False,True,2.0,4.0,4.0,2,2,"before=1,after=1",True,True,True,True,sub-P009_ses-S002_task-Default_run-001_eeg.xdf,clean_P009_S002.h5,P009_S002,journey:1;videos:1;video_mappings:1;ratings:2,False,,P009_S002_p3,presentation,True,73115,73216,0.9986205201048952,0.0019558060112103,True,1.0,1.0,False,False,False,False,0.0826633115706814,0.0880290934367237,0.3613295555114746,0.3423312759399408,True,True,PASS,False,True,True,NOT_IMPLICATED,6,5,6,2,4,4,0.0,0,0,0.0,0,0,0,0,True,True,after_only;discard_midpoint;score_lt_5=low;score_eq_5=missing;score_gt_5=high
DEJA-VU,Cohort_B_Paired_EEG_EMG_Strict,P009,S002,4,14,P009_S002_p4,Mr. Bean,mr._bean,emostim_mr._bean,EmoStim,A,Fun,159.0,978.0,1137.0,159.0,False,S002_quadrant_A_pos4.h5,True,True,quadrant,False,True,8.0,6.0,7.0,2,2,"before=1,after=1",True,True,True,True,sub-P009_ses-S002_task-Default_run-001_eeg.xdf,clean_P009_S002.h5,P009_S002,journey:1;videos:1;video_mappings:1;ratings:2,False,,P009_S002_p4,presentation,True,81296,81408,0.998624213836478,0.0019558060112103,True,1.0,1.0,False,False,False,False,0.1877232546043739,0.0545940076747164,0.6581339836120605,0.2607965469360351,True,True,PASS,False,True,True,NOT_IMPLICATED,6,5,7,8,6,7,1.0,1,1,1.0,1,1,1,1,True,True,after_only;discard_midpoint;score_lt_5=low;score_eq_5=missing;score_gt_5=high
DEJA-VU,Cohort_B_Paired_EEG_EMG_Strict,P010,S001,2,6,P010_S001_p2,There is something about Mary,there_is_something_about_mary,filmstim_there_is_something_about_mary,FilmStim,A,Fun,174.0,349.0,523.0,174.0,False,S001_quadrant_A_pos2.h5,True,True,quadrant,False,True,8.0,7.0,5.0,2,2,"before=1,after=1",True,True,True,True,sub-P010_ses-S001_task-Default_run-001_eeg.xdf,clean_P010_S001.h5,P010_S001,journey:1;videos:1;video_mappings:1;ratings:2,False,,P010_S001_p2,presentation,True,88953,89088,0.9984846443965516,0.0019560863729566,True,1.0,1.0,False,False,False,False,0.0735509096643504,0.0802964486627602,0.2900357151031492,0.4129415225982665,True,True,PASS,False,True,True,NOT_IMPLICATED,2,2,4,8,7,5,1.0,1,1,1.0,1,1,1,1,True,True,after_only;discard_midpoint;score_lt_5=low;score_eq_5=missing;score_gt_5=high
DEJA-VU,Cohort_B_Paired_EEG_EMG_Strict,P010,S001,3,10,P010_S001_p3,The Shining,the_shining,emostim_the_shining,EmoStim,B,Fear,165.0,656.0,821.0,165.0,False,S001_quadrant_B_pos3.h5,True,True,quadrant,False,True,2.0,7.0,2.0,2,2,"before=1,after=1",True,True,True,True,sub-P010_ses-S001_task-Default_run-001_eeg.xdf,clean_P010_S001.h5,P010_S001,journey:1;videos:1;video_mappings:1;ratings:2,False,,P010_S001_p3,presentation,True,84352,84480,0.9984848484848484,0.0019560863729566,True,1.0,1.0,False,False,False,False,0.0692140451138624,0.100286194309274,0.254191987514496,0.4761215037107469,True,True,PASS,False,True,True,NOT_IMPLICATED,3,3,3,2,7,2,0.0,0,0,1.0,1,1,0,1,True,True,after_only;discard_midpoint;score_lt_5=low;score_eq_5=missing;score_gt_5=high
DEJA-VU,Cohort_B_Paired_EEG_EMG_Strict,P010,S001,4,14,P010_S001_p4,The Champ,the_champ,filmstim_the_champ,FilmStim,C,Sadness,181.0,954.0,1135.0,181.0,False,S001_quadrant_C_pos4.h5,True,True,quadrant,False,True,1.0,5.0,2.0,2,2,"before=1,after=1",True,True,True,True,sub-P010_ses-S001_task-Default_run-001_eeg.xdf,clean_P010_S001.h5,P010_S001,journey:1;videos:1;video_mappings:1;ratings:2,False,,P010_S001_p4,presentation,True,92531,92672,0.9984785048342542,0.0019560863729566,True,1.0,1.0,False,False,False,False,0.0865626369067216,0.11555101926959,0.2940013408660888,0.5449221611022949,True,True,PASS,False,True,True,NOT_IMPLICATED,5,2,2,1,5,2,0.0,0,0,,0,1,0,,True,False,after_only;discard_midpoint;score_lt_5=low;score_eq_5=missing;score_gt_5=high
DEJA-VU,Cohort_B_Paired_EEG_EMG_Strict,P011,S001,2,6,P011_S001_p2,When Harry met Sally,when_harry_met_sally,filmstim_when_harry_met_sally,FilmStim,A,Fun,172.0,349.0,521.0,172.0,False,S001_quadrant_A_pos2.h5,True,True,quadrant,False,True,4.0,4.0,8.0,2,2,"before=1,after=1",True,True,True,True,sub-P011_ses-S001_task-Default_run-001_eeg.xdf,clean_P011_S001.h5,P011_S001,journey:1;videos:1;video_mappings:1;ratings:2,False,,P011_S001_p2,presentation,True,87919,88064,0.9983534702034884,0.0019563435344025,True,1.0,1.0,False,False,False,False,0.1270812762265207,0.107649329674783,0.4640086364746096,0.545078105926514,True,True,PASS,False,True,True,NOT_IMPLICATED,8,3,7,4,4,8,0.0,0,0,0.0,0,0,0,0,True,True,after_only;discard_midpoint;score_lt_5=low;score_eq_5=missing;score_gt_5=high
DEJA-VU,Cohort_B_Paired_EEG_EMG_Strict,P011,S001,3,10,P011_S001_p3,Misery,misery,filmstim_misery,FilmStim,B,Fear,220.0,654.0,874.0,220.0,False,S001_quadrant_B_pos3.h5,True,True,quadrant,False,True,1.0,7.0,6.0,2,2,"before=1,after=1",True,True,True,True,sub-P011_ses-S001_task-Default_run-001_eeg.xdf,clean_P011_S001.h5,P011_S001,journey:1;videos:1;video_mappings:1;ratings:2,False,,P011_S001_p3,presentation,True,112454,112640,0.998348721590909,0.0019563435344025,True,1.0,1.0,False,False,False,False,0.1991218111289835,0.0850003352435242,0.674396276473999,0.3816491985321049,True,True,PASS,False,True,True,NOT_IMPLICATED,8,2,9,1,7,6,0.0,0,0,1.0,1,1,0,1,True,True,after_only;discard_midpoint;score_lt_5=low;score_eq_5=missing;score_gt_5=high
DEJA-VU,Cohort_B_Paired_EEG_EMG_Strict,P011,S001,4,14,P011_S001_p4,My girl,my_girl,emostim_my_girl,EmoStim,C,Sadness,199.0,1007.0,1206.0,199.0,False,S001_quadrant_C_pos4.h5,True,True,quadrant,False,True,1.0,8.0,6.0,2,2,"before=1,after=1",True,True,True,True,sub-P011_ses-S001_task-Default_run-001_eeg.xdf,clean_P011_S001.h5,P011_S001,journey:1;videos:1;video_mappings:1;ratings:2,False,,P011_S001_p4,presentation,True,101721,101888,0.9983609453517588,0.0019563435344025,True,1.0,1.0,False,False,False,False,0.064716888772009,0.1883936669045332,0.3306297302246097,0.7386889457702637,True,True,PASS,False,True,True,NOT_IMPLICATED,8,1,8,1,8,6,0.0,0,0,1.0,1,1,0,1,True,True,after_only;discard_midpoint;score_lt_5=low;score_eq_5=missing;score_gt_5=high
DEJA-VU,Cohort_B_Paired_EEG_EMG_Strict,P011,S002,2,6,P011_S002_p2,The Visitors,the_visitors,filmstim_the_visitors,FilmStim,A,Fun,130.0,349.0,479.0,130.0,False,S002_quadrant_A_pos2.h5,True,True,quadrant,False,True,6.0,6.0,8.0,2,2,"before=1,after=1",True,True,True,True,sub-P011_ses-S002_task-Default_run-001_eeg.xdf,clean_P011_S002.h5,P011_S002,journey:1;videos:1;video_mappings:1;ratings:2,False,,P011_S002_p2,presentation,True,66558,66560,0.9999699519230768,0.0019531800644472,True,1.0,1.0,False,False,False,False,0.0577050406711604,0.14836479355152,0.2337086200714111,0.5230602884292601,True,True,PASS,False,True,True,NOT_IMPLICATED,9,8,9,6,6,8,1.0,1,1,1.0,1,1,1,1,True,True,after_only;discard_midpoint;score_lt_5=low;score_eq_5=missing;score_gt_5=high
DEJA-VU,Cohort_B_Paired_EEG_EMG_Strict,P011,S002,3,10,P011_S002_p3,The Champ,the_champ,filmstim_the_champ,FilmStim,C,Sadness,181.0,612.0,793.0,181.0,False,S002_quadrant_C_pos3.h5,True,True,quadrant,False,True,1.0,5.0,2.0,2,2,"before=1,after=1",True,True,True,True,sub-P011_ses-S002_task-Default_run-001_eeg.xdf,clean_P011_S002.h5,P011_S002,journey:1;videos:1;video_mappings:1;ratings:2,False,,P011_S002_p3,presentation,True,92669,92672,0.999967627762431,0.0019531800644472,True,1.0,1.0,False,False,False,False,0.1338962293166964,0.0907760737390951,0.3732533454895019,0.4154917335510255,True,True,PASS,False,True,True,NOT_IMPLICATED,8,7,9,1,5,2,0.0,0,0,,0,1,0,,True,False,after_only;discard_midpoint;score_lt_5=low;score_eq_5=missing;score_gt_5=high
DEJA-VU,Cohort_B_Paired_EEG_EMG_Strict,P011,S002,4,14,P011_S002_p4,Scream,scream,filmstim_scream,FilmStim,B,Fear,216.0,926.0,1142.0,216.0,False,S002_quadrant_B_pos4.h5,True,True,quadrant,False,True,1.0,6.0,4.0,2,2,"before=1,after=1",True,True,True,True,sub-P011_ses-S002_task-Default_run-001_eeg.xdf,clean_P011_S002.h5,P011_S002,journey:1;videos:1;video_mappings:1;ratings:2,False,,P011_S002_p4,presentation,True,110589,110592,0.9999728732638888,0.0019531800644472,True,1.0,1.0,False,False,False,False,0.1133881939458302,0.154664370302736,0.3841252899169918,0.543421115875244,True,True,PASS,False,True,True,NOT_IMPLICATED,6,3,7,1,6,4,0.0,0,0,1.0,1,1,0,1,True,True,after_only;discard_midpoint;score_lt_5=low;score_eq_5=missing;score_gt_5=high
DEJA-VU,Cohort_B_Paired_EEG_EMG_Strict,P013,S001,2,6,P013_S001_p2,28 days later,28_days_later,emostim_28_days_later,EmoStim,B,Fear,172.0,349.0,521.0,172.0,False,S001_quadrant_B_pos2.h5,True,True,quadrant,False,True,9.0,8.0,9.0,2,2,"before=1,after=1",True,True,True,True,sub-P013_ses-S001_task-Default_run-001_eeg.xdf,clean_P013_S001.h5,P013_S001,journey:1;videos:1;video_mappings:1;ratings:2,False,,P013_S001_p2,presentation,True,87945,88064,0.9986487100290696,0.0019557817140594,True,1.0,1.0,False,False,False,False,0.3208442800023686,0.229721259848224,1.5781565856933604,0.7845805358886722,True,True,PASS,False,True,True,NOT_IMPLICATED,6,7,7,9,8,9,1.0,1,1,1.0,1,1,1,1,True,True,after_only;discard_midpoint;score_lt_5=low;score_eq_5=missing;score_gt_5=high
DEJA-VU,Cohort_B_Paired_EEG_EMG_Strict,P013,S001,3,10,P013_S001_p3,When Harry met Sally,when_harry_met_sally,filmstim_when_harry_met_sally,FilmStim,A,Fun,172.0,654.0,826.0,172.0,False,S001_quadrant_A_pos3.h5,True,True,quadrant,False,True,5.0,6.0,5.0,2,2,"before=1,after=1",True,True,True,True,sub-P013_ses-S001_task-Default_run-001_eeg.xdf,clean_P013_S001.h5,P013_S001,journey:1;videos:1;video_mappings:1;ratings:2,False,,P013_S001_p3,presentation,True,87945,88064,0.9986487100290696,0.0019557817140594,True,1.0,1.0,False,False,False,False,0.2838839050917894,6.39412754285211,1.120147705078125,25.594368209838866,True,True,PASS,False,True,True,NOT_IMPLICATED,5,8,5,5,6,5,,0,1,1.0,1,1,,1,False,True,after_only;discard_midpoint;score_lt_5=low;score_eq_5=missing;score_gt_5=high
DEJA-VU,Cohort_B_Paired_EEG_EMG_Strict,P013,S001,4,14,P013_S001_p4,My girl,my_girl,emostim_my_girl,EmoStim,C,Sadness,199.0,959.0,1158.0,199.0,False,S001_quadrant_C_pos4.h5,True,True,quadrant,False,True,5.0,5.0,5.0,2,2,"before=1,after=1",True,True,True,True,sub-P013_ses-S001_task-Default_run-001_eeg.xdf,clean_P013_S001.h5,P013_S001,journey:1;videos:1;video_mappings:1;ratings:2,False,,P013_S001_p4,presentation,True,101750,101888,0.9986455716080402,0.0019557817140594,True,1.0,1.0,False,False,False,False,0.2509288518789664,0.398751096757592,1.036966323852539,1.37775062561035,True,True,PASS,False,True,True,NOT_IMPLICATED,1,9,9,5,5,5,,0,1,,0,1,,,False,False,after_only;discard_midpoint;score_lt_5=low;score_eq_5=missing;score_gt_5=high
DEJA-VU,Cohort_B_Paired_EEG_EMG_Strict,P014,S001,2,6,P014_S001_p2,Misery,misery,filmstim_misery,FilmStim,B,Fear,220.0,349.0,569.0,220.0,False,S001_quadrant_B_pos2.h5,True,True,quadrant,False,True,3.0,5.0,3.0,2,2,"before=1,after=1",True,True,True,True,sub-P014_ses-S001_task-Default_run-001_eeg.xdf,clean_P014_S001.h5,P014_S001,journey:1;videos:1;video_mappings:1;ratings:2,False,,P014_S001_p2,presentation,True,112465,112640,0.9984463778409092,0.0019561708904802,True,1.0,1.0,False,False,False,False,0.1151721668180828,0.1117318562584099,0.4026002883911133,0.6258800888061522,True,True,PASS,False,True,True,NOT_IMPLICATED,8,8,8,3,5,3,0.0,0,0,,0,1,0,,True,False,after_only;discard_midpoint;score_lt_5=low;score_eq_5=missing;score_gt_5=high
DEJA-VU,Cohort_B_Paired_EEG_EMG_Strict,P014,S001,3,10,P014_S001_p3,There is something about Mary,there_is_something_about_mary,filmstim_there_is_something_about_mary,FilmStim,A,Fun,174.0,702.0,876.0,174.0,False,S001_quadrant_A_pos3.h5,True,True,quadrant,False,True,5.0,5.0,3.0,2,2,"before=1,after=1",True,True,True,True,sub-P014_ses-S001_task-Default_run-001_eeg.xdf,clean_P014_S001.h5,P014_S001,journey:1;videos:1;video_mappings:1;ratings:2,False,,P014_S001_p3,presentation,True,88950,89088,0.9984509698275862,0.0019561708904802,True,1.0,1.0,False,False,False,False,0.1106766158724564,0.1667968545257673,0.3897933959960937,0.9177019786834704,True,True,PASS,False,True,True,NOT_IMPLICATED,8,8,8,5,5,3,,0,1,,0,1,,,False,False,after_only;discard_midpoint;score_lt_5=low;score_eq_5=missing;score_gt_5=high
DEJA-VU,Cohort_B_Paired_EEG_EMG_Strict,P014,S001,4,14,P014_S001_p4,Dangerous Minds,dangerous_minds,"emostim,_filmstim_dangerous_minds","EmoStim, FilmStim",C,Sadness,143.0,1009.0,1152.0,143.0,False,S001_quadrant_C_pos4.h5,True,True,quadrant,False,True,3.0,3.0,4.0,2,2,"before=1,after=1",True,True,True,True,sub-P014_ses-S001_task-Default_run-001_eeg.xdf,clean_P014_S001.h5,P014_S001,journey:1;videos:1;video_mappings:1;ratings:2,False,,P014_S001_p4,presentation,True,73102,73216,0.9984429632867132,0.0019561708904802,True,1.0,1.0,False,False,False,False,0.061087206071816,0.0876368778142811,0.262763500213623,0.5052349472045905,True,True,PASS,False,True,True,NOT_IMPLICATED,8,8,8,3,3,4,0.0,0,0,0.0,0,0,0,0,True,True,after_only;discard_midpoint;score_lt_5=low;score_eq_5=missing;score_gt_5=high
DEJA-VU,Cohort_B_Paired_EEG_EMG_Strict,P016,S001,2,6,P016_S001_p2,28 days later,28_days_later,emostim_28_days_later,EmoStim,B,Fear,172.0,349.0,521.0,172.0,False,S001_quadrant_B_pos2.h5,True,True,quadrant,False,True,3.0,4.0,2.0,2,2,"before=1,after=1",True,True,True,True,sub-P016_ses-S001_task-Default_run-001_eeg.xdf,clean_P016_S001.h5,P016_S001,journey:1;videos:1;video_mappings:1;ratings:2,False,,P016_S001_p2,presentation,True,87945,88064,0.9986487100290696,0.0019557567939045,True,1.0,1.0,False,False,False,False,0.0320705723254152,0.0867948481793993,0.1513595581054687,0.3416536113619804,True,True,PASS,False,True,True,NOT_IMPLICATED,7,3,5,3,4,2,0.0,0,0,0.0,0,0,0,0,True,True,after_only;discard_midpoint;score_lt_5=low;score_eq_5=missing;score_gt_5=high
DEJA-VU,Cohort_B_Paired_EEG_EMG_Strict,P016,S001,3,10,P016_S001_p3,The Champ,the_champ,filmstim_the_champ,FilmStim,C,Sadness,181.0,654.0,835.0,181.0,False,S001_quadrant_C_pos3.h5,True,True,quadrant,False,True,2.0,6.0,1.0,2,2,"before=1,after=1",True,True,True,True,sub-P016_ses-S001_task-Default_run-001_eeg.xdf,clean_P016_S001.h5,P016_S001,journey:1;videos:1;video_mappings:1;ratings:2,False,,P016_S001_p3,presentation,True,92547,92672,0.9986511567679558,0.0019557567939045,True,1.0,1.0,False,False,False,False,0.0406722668667516,0.0660340863033851,0.2475361824035644,0.3352972865104672,True,True,PASS,False,True,True,NOT_IMPLICATED,7,4,4,2,6,1,0.0,0,0,1.0,1,1,0,1,True,True,after_only;discard_midpoint;score_lt_5=low;score_eq_5=missing;score_gt_5=high
DEJA-VU,Cohort_B_Paired_EEG_EMG_Strict,P016,S001,4,14,P016_S001_p4,Mr. Bean,mr._bean,emostim_mr._bean,EmoStim,A,Fun,159.0,968.0,1127.0,159.0,False,S001_quadrant_A_pos4.h5,True,True,quadrant,False,True,8.0,7.0,4.0,2,2,"before=1,after=1",True,True,True,True,sub-P016_ses-S001_task-Default_run-001_eeg.xdf,clean_P016_S001.h5,P016_S001,journey:1;videos:1;video_mappings:1;ratings:2,False,,P016_S001_p4,presentation,True,81299,81408,0.9986610652515724,0.0019557567939045,True,1.0,1.0,False,False,False,False,0.0394479375659428,0.0644279421262756,0.1652088165283203,0.3363536202907563,True,True,PASS,False,True,True,NOT_IMPLICATED,7,5,5,8,7,4,1.0,1,1,1.0,1,1,1,1,True,True,after_only;discard_midpoint;score_lt_5=low;score_eq_5=missing;score_gt_5=high
DEJA-VU,Cohort_B_Paired_EEG_EMG_Strict,P017,S001,2,6,P017_S001_p2,Dangerous Minds,dangerous_minds,"emostim,_filmstim_dangerous_minds","EmoStim, FilmStim",C,Sadness,143.0,349.0,492.0,143.0,False,S001_quadrant_C_pos2.h5,True,True,quadrant,False,True,4.0,4.0,4.0,2,2,"before=1,after=1",True,True,True,True,sub-P017_ses-S001_task-Default_run-001_eeg.xdf,clean_P017_S001.h5,P017_S001,journey:1;videos:1;video_mappings:1;ratings:2,False,,P017_S001_p2,presentation,True,73116,73216,0.9986341783216784,0.0019558061030693,True,1.0,1.0,False,False,False,False,0.0497827383589418,0.1024856084629143,0.2991087436676025,0.3811591684818269,True,True,PASS,False,True,True,NOT_IMPLICATED,6,4,4,4,4,4,0.0,0,0,0.0,0,0,0,0,True,True,after_only;discard_midpoint;score_lt_5=low;score_eq_5=missing;score_gt_5=high
DEJA-VU,Cohort_B_Paired_EEG_EMG_Strict,P017,S001,3,10,P017_S001_p3,The Shining,the_shining,emostim_the_shining,EmoStim,B,Fear,165.0,625.0,790.0,165.0,False,S001_quadrant_B_pos3.h5,True,True,quadrant,False,True,5.0,4.0,3.0,2,2,"before=1,after=1",True,True,True,True,sub-P017_ses-S001_task-Default_run-001_eeg.xdf,clean_P017_S001.h5,P017_S001,journey:1;videos:1;video_mappings:1;ratings:2,False,,P017_S001_p3,presentation,True,84364,84480,0.998626893939394,0.0019558061030693,True,1.0,1.0,False,False,False,False,0.0697023728075244,0.0970217190731657,0.3002750873565674,0.500986257791519,True,True,PASS,False,True,True,NOT_IMPLICATED,4,4,3,5,4,3,,0,1,0.0,0,0,,0,False,True,after_only;discard_midpoint;score_lt_5=low;score_eq_5=missing;score_gt_5=high
DEJA-VU,Cohort_B_Paired_EEG_EMG_Strict,P017,S001,4,14,P017_S001_p4,Mr. Bean,mr._bean,emostim_mr._bean,EmoStim,A,Fun,159.0,923.0,1082.0,159.0,False,S001_quadrant_A_pos4.h5,True,True,quadrant,False,True,6.0,4.0,4.0,2,2,"before=1,after=1",True,True,True,True,sub-P017_ses-S001_task-Default_run-001_eeg.xdf,clean_P017_S001.h5,P017_S001,journey:1;videos:1;video_mappings:1;ratings:2,False,,P017_S001_p4,presentation,True,81296,81408,0.998624213836478,0.0019558061030693,True,1.0,1.0,False,False,False,False,0.0756611357791039,0.1137040594779729,0.3420021533966064,0.518751668930054,True,True,PASS,False,True,True,NOT_IMPLICATED,5,4,4,6,4,4,1.0,1,1,0.0,0,0,1,0,True,True,after_only;discard_midpoint;score_lt_5=low;score_eq_5=missing;score_gt_5=high
DEJA-VU,Cohort_B_Paired_EEG_EMG_Strict,P017,S002,2,6,P017_S002_p2,The Shining 2,the_shining_2,filmstim_the_shining_2,FilmStim,B,Fear,266.0,349.0,615.0,266.0,False,S002_quadrant_B_pos2.h5,True,True,quadrant,False,True,4.0,4.0,4.0,2,2,"before=1,after=1",True,True,True,True,sub-P666_ses-S001_task-Default_run-001_eeg.xdf,clean_P017_S002.h5,P017_S002,journey:1;videos:1;video_mappings:1;ratings:2,True,P666 filename anomaly - see docs/dejavu_identity_conflict_audit.md,P017_S002_p2,presentation,True,135986,136192,0.9984874295112782,0.0019560728687793,True,1.0,1.0,False,False,False,False,0.043437127772941,0.080929106928633,0.1800394058227539,0.3888352274894715,True,True,PASS,False,True,True,NOT_IMPLICATED,3,3,3,4,4,4,0.0,0,0,0.0,0,0,0,0,True,True,after_only;discard_midpoint;score_lt_5=low;score_eq_5=missing;score_gt_5=high
DEJA-VU,Cohort_B_Paired_EEG_EMG_Strict,P017,S002,3,10,P017_S002_p3,Fish called Wanda,fish_called_wanda,filmstim_fish_called_wanda,FilmStim,A,Fun,180.0,748.0,928.0,180.0,False,S002_quadrant_A_pos3.h5,True,True,quadrant,False,True,4.0,3.0,4.0,2,2,"before=1,after=1",True,True,True,True,sub-P666_ses-S001_task-Default_run-001_eeg.xdf,clean_P017_S002.h5,P017_S002,journey:1;videos:1;video_mappings:1;ratings:2,True,P666 filename anomaly - see docs/dejavu_identity_conflict_audit.md,P017_S002_p3,presentation,True,92021,92160,0.9984917534722222,0.0019560728687793,True,1.0,1.0,False,False,False,False,0.114551447726245,0.0702665586187089,0.4257049560546875,0.2786733627319337,True,True,PASS,False,True,True,NOT_IMPLICATED,3,4,3,4,3,4,0.0,0,0,0.0,0,0,0,0,True,True,after_only;discard_midpoint;score_lt_5=low;score_eq_5=missing;score_gt_5=high
DEJA-VU,Cohort_B_Paired_EEG_EMG_Strict,P017,S002,4,14,P017_S002_p4,Life is beautiful,life_is_beautiful,filmstim_life_is_beautiful,FilmStim,C,Sadness,127.0,1061.0,1188.0,127.0,False,S002_quadrant_C_pos4.h5,True,True,quadrant,False,True,3.0,4.0,3.0,2,2,"before=1,after=1",True,True,True,True,sub-P666_ses-S001_task-Default_run-001_eeg.xdf,clean_P017_S002.h5,P017_S002,journey:1;videos:1;video_mappings:1;ratings:2,True,P666 filename anomaly - see docs/dejavu_identity_conflict_audit.md,P017_S002_p4,presentation,True,64926,65024,0.9984928641732284,0.0019560728687793,True,1.0,1.0,False,False,False,False,0.0318515501637562,0.0683202382771216,0.1672862768173217,0.2717422246932983,True,True,PASS,False,True,True,NOT_IMPLICATED,4,4,3,3,4,3,0.0,0,0,0.0,0,0,0,0,True,True,after_only;discard_midpoint;score_lt_5=low;score_eq_5=missing;score_gt_5=high
DEJA-VU,Cohort_B_Paired_EEG_EMG_Strict,P018,S001,2,6,P018_S001_p2,The Champ,the_champ,filmstim_the_champ,FilmStim,C,Sadness,181.0,349.0,530.0,181.0,False,S001_quadrant_C_pos2.h5,True,True,quadrant,False,True,1.0,5.0,1.0,2,2,"before=1,after=1",True,True,True,True,sub-P018_ses-S001_task-Default_run-001_eeg.xdf,clean_P018_S001.h5,P018_S001,journey:1;videos:1;video_mappings:1;ratings:2,False,,P018_S001_p2,presentation,True,92461,92672,0.9977231526243094,0.0019575913902372,True,1.0,1.0,False,False,False,False,0.0935539286792142,0.2058136933176681,0.4764308929443359,0.9314653098583217,True,True,PASS,False,True,True,NOT_IMPLICATED,6,6,1,1,5,1,0.0,0,0,,0,1,0,,True,False,after_only;discard_midpoint;score_lt_5=low;score_eq_5=missing;score_gt_5=high
DEJA-VU,Cohort_B_Paired_EEG_EMG_Strict,P018,S001,3,10,P018_S001_p3,28 days later,28_days_later,emostim_28_days_later,EmoStim,B,Fear,172.0,663.0,835.0,172.0,False,S001_quadrant_B_pos3.h5,True,True,quadrant,False,True,3.0,1.0,1.0,2,2,"before=1,after=1",True,True,True,True,sub-P018_ses-S001_task-Default_run-001_eeg.xdf,clean_P018_S001.h5,P018_S001,journey:1;videos:1;video_mappings:1;ratings:2,False,,P018_S001_p3,presentation,True,87863,88064,0.9977175690406976,0.0019575913902372,True,1.0,1.0,False,False,False,False,0.063286628113462,0.260865460736709,0.3130741119384765,0.9924118727445604,True,True,PASS,False,True,True,NOT_IMPLICATED,1,5,1,3,1,1,0.0,0,0,0.0,0,0,0,0,True,True,after_only;discard_midpoint;score_lt_5=low;score_eq_5=missing;score_gt_5=high
DEJA-VU,Cohort_B_Paired_EEG_EMG_Strict,P018,S001,4,14,P018_S001_p4,The Visitors,the_visitors,filmstim_the_visitors,FilmStim,A,Fun,130.0,968.0,1098.0,130.0,False,S001_quadrant_A_pos4.h5,True,True,quadrant,False,True,4.0,4.0,4.0,2,2,"before=1,after=1",True,True,True,True,sub-P018_ses-S001_task-Default_run-001_eeg.xdf,clean_P018_S001.h5,P018_S001,journey:1;videos:1;video_mappings:1;ratings:2,False,,P018_S001_p4,presentation,True,66409,66560,0.9977313701923076,0.0019575913902372,True,1.0,1.0,False,False,False,False,0.3105790851173439,0.2650894907704209,0.968390312194824,1.0994509774446484,True,True,PASS,False,True,True,NOT_IMPLICATED,2,3,1,4,4,4,0.0,0,0,0.0,0,0,0,0,True,True,after_only;discard_midpoint;score_lt_5=low;score_eq_5=missing;score_gt_5=high
DEJA-VU,Cohort_B_Paired_EEG_EMG_Strict,P021,S001,2,6,P021_S001_p2,Scream,scream,filmstim_scream,FilmStim,B,Fear,216.0,349.0,565.0,216.0,False,S001_quadrant_B_pos2.h5,True,True,quadrant,False,True,3.0,3.0,3.0,2,2,"before=1,after=1",True,True,True,True,sub-P021_ses-S001_task-Default_run-001_eeg.xdf,clean_P021_S001.h5,P021_S001,journey:1;videos:1;video_mappings:1;ratings:2,False,,P021_S001_p2,presentation,True,110447,110592,0.9986888744212964,0.0019556877668946,True,1.0,1.0,False,False,False,False,0.2357764423435908,0.1787445347476556,0.8872186839580536,1.0184093129634857,True,True,PASS,False,True,True,NOT_IMPLICATED,5,1,3,3,3,3,0.0,0,0,0.0,0,0,0,0,True,True,after_only;discard_midpoint;score_lt_5=low;score_eq_5=missing;score_gt_5=high
DEJA-VU,Cohort_B_Paired_EEG_EMG_Strict,P021,S001,3,10,P021_S001_p3,The Visitors,the_visitors,filmstim_the_visitors,FilmStim,A,Fun,130.0,698.0,828.0,130.0,False,S001_quadrant_A_pos3.h5,True,True,quadrant,False,True,5.0,3.0,3.0,2,2,"before=1,after=1",True,True,True,True,sub-P021_ses-S001_task-Default_run-001_eeg.xdf,clean_P021_S001.h5,P021_S001,journey:1;videos:1;video_mappings:1;ratings:2,False,,P021_S001_p3,presentation,True,66472,66560,0.9986778846153846,0.0019556877668946,True,1.0,1.0,False,False,False,False,0.1503207622625641,0.1748860857851189,0.7751369047164911,0.9980042254924772,True,True,PASS,False,True,True,NOT_IMPLICATED,3,3,3,5,3,3,,0,1,0.0,0,0,,0,False,True,after_only;discard_midpoint;score_lt_5=low;score_eq_5=missing;score_gt_5=high
DEJA-VU,Cohort_B_Paired_EEG_EMG_Strict,P021,S001,4,14,P021_S001_p4,Dangerous Minds,dangerous_minds,"emostim,_filmstim_dangerous_minds","EmoStim, FilmStim",C,Sadness,143.0,961.0,1104.0,143.0,False,S001_quadrant_C_pos4.h5,True,True,quadrant,False,True,3.0,3.0,3.0,2,2,"before=1,after=1",True,True,True,True,sub-P021_ses-S001_task-Default_run-001_eeg.xdf,clean_P021_S001.h5,P021_S001,journey:1;videos:1;video_mappings:1;ratings:2,False,,P021_S001_p4,presentation,True,73120,73216,0.9986888111888113,0.0019556877668946,True,1.0,1.0,False,False,False,False,0.1382819775692401,0.1861193166371211,0.6435460948944085,1.009934059381485,True,True,PASS,False,True,True,NOT_IMPLICATED,5,1,3,3,3,3,0.0,0,0,0.0,0,0,0,0,True,True,after_only;discard_midpoint;score_lt_5=low;score_eq_5=missing;score_gt_5=high
DEJA-VU,Cohort_B_Paired_EEG_EMG_Strict,P022,S001,2,6,P022_S001_p2,The Visitors,the_visitors,filmstim_the_visitors,FilmStim,A,Fun,130.0,349.0,479.0,130.0,False,S001_quadrant_A_pos2.h5,True,True,quadrant,False,True,3.0,7.0,3.0,2,2,"before=1,after=1",True,True,True,True,sub-P022_ses-S001_task-Default_run-001_eeg.xdf,clean_P022_S001.h5,P022_S001,journey:1;videos:1;video_mappings:1;ratings:2,False,,P022_S001_p2,presentation,True,66558,66560,0.9999699519230768,0.0019531804136931,True,1.0,1.0,False,False,False,False,0.126609710315787,0.0441199672535258,0.4774796283245084,0.2080780792236325,True,True,PASS,False,True,True,NOT_IMPLICATED,6,4,3,3,7,3,0.0,0,0,1.0,1,1,0,1,True,True,after_only;discard_midpoint;score_lt_5=low;score_eq_5=missing;score_gt_5=high
DEJA-VU,Cohort_B_Paired_EEG_EMG_Strict,P022,S001,3,10,P022_S001_p3,My girl,my_girl,emostim_my_girl,EmoStim,C,Sadness,199.0,612.0,811.0,199.0,False,S001_quadrant_C_pos3.h5,True,True,quadrant,False,True,2.0,5.0,4.0,2,2,"before=1,after=1",True,True,True,True,sub-P022_ses-S001_task-Default_run-001_eeg.xdf,clean_P022_S001.h5,P022_S001,journey:1;videos:1;video_mappings:1;ratings:2,False,,P022_S001_p3,presentation,True,101885,101888,0.9999705559045228,0.0019531804136931,True,1.0,1.0,False,False,False,False,0.1496472865974375,0.0498266091191765,0.5218241214752197,0.2485185432434082,True,True,PASS,False,True,True,NOT_IMPLICATED,6,2,4,2,5,4,0.0,0,0,,0,1,0,,True,False,after_only;discard_midpoint;score_lt_5=low;score_eq_5=missing;score_gt_5=high
DEJA-VU,Cohort_B_Paired_EEG_EMG_Strict,P022,S001,4,14,P022_S001_p4,Misery,misery,filmstim_misery,FilmStim,B,Fear,220.0,944.0,1164.0,220.0,False,S001_quadrant_B_pos4.h5,True,True,quadrant,False,True,1.0,7.0,2.0,2,2,"before=1,after=1",True,True,True,True,sub-P022_ses-S001_task-Default_run-001_eeg.xdf,clean_P022_S001.h5,P022_S001,journey:1;videos:1;video_mappings:1;ratings:2,False,,P022_S001_p4,presentation,True,112637,112640,0.9999733664772728,0.0019531804136931,True,1.0,1.0,False,False,False,False,0.1028036176742576,0.0897316342371542,0.3441231918334964,0.3779566955566409,True,True,PASS,False,True,True,NOT_IMPLICATED,6,5,5,1,7,2,0.0,0,0,1.0,1,1,0,1,True,True,after_only;discard_midpoint;score_lt_5=low;score_eq_5=missing;score_gt_5=high
DEJA-VU,Cohort_B_Paired_EEG_EMG_Strict,P023,S001,2,6,P023_S001_p2,My girl,my_girl,emostim_my_girl,EmoStim,C,Sadness,199.0,349.0,548.0,199.0,False,S001_quadrant_C_pos2.h5,True,True,quadrant,False,True,3.0,1.0,4.0,2,2,"before=1,after=1",True,True,True,True,sub-P023_ses-S001_task-Default_run-001_eeg.xdf,clean_P023_S001.h5,P023_S001,journey:1;videos:1;video_mappings:1;ratings:2,False,,P023_S001_p2,presentation,True,101882,101888,0.9999411118090452,0.0019532350561348,True,1.0,1.0,False,False,False,False,0.1175295027975439,0.094536591374856,0.4410567283630371,0.376932144165039,True,True,PASS,False,True,True,NOT_IMPLICATED,9,3,5,3,1,4,0.0,0,0,0.0,0,0,0,0,True,True,after_only;discard_midpoint;score_lt_5=low;score_eq_5=missing;score_gt_5=high
DEJA-VU,Cohort_B_Paired_EEG_EMG_Strict,P023,S001,3,10,P023_S001_p3,Misery,misery,filmstim_misery,FilmStim,B,Fear,220.0,681.0,901.0,220.0,False,S001_quadrant_B_pos3.h5,True,True,quadrant,False,True,4.0,3.0,5.0,2,2,"before=1,after=1",True,True,True,True,sub-P023_ses-S001_task-Default_run-001_eeg.xdf,clean_P023_S001.h5,P023_S001,journey:1;videos:1;video_mappings:1;ratings:2,False,,P023_S001_p3,presentation,True,112634,112640,0.9999467329545456,0.0019532350561348,True,1.0,1.0,False,False,False,False,0.0595489326516485,0.0671804761628746,0.2309014797210693,0.316622257232666,True,True,PASS,False,True,True,NOT_IMPLICATED,8,4,5,4,3,5,0.0,0,0,0.0,0,0,0,0,True,True,after_only;discard_midpoint;score_lt_5=low;score_eq_5=missing;score_gt_5=high
DEJA-VU,Cohort_B_Paired_EEG_EMG_Strict,P023,S001,4,14,P023_S001_p4,Mr. Bean,mr._bean,emostim_mr._bean,EmoStim,A,Fun,159.0,1034.0,1193.0,159.0,False,S001_quadrant_A_pos4.h5,True,True,quadrant,False,True,9.0,4.0,5.0,2,2,"before=1,after=1",True,True,True,True,sub-P023_ses-S001_task-Default_run-001_eeg.xdf,clean_P023_S001.h5,P023_S001,journey:1;videos:1;video_mappings:1;ratings:2,False,,P023_S001_p4,presentation,True,81404,81408,0.9999508647798742,0.0019532350561348,True,1.0,1.0,False,False,False,False,0.5203295299651357,0.068336017398161,3.2766882228851326,0.3030548095703125,True,True,PASS,False,True,True,NOT_IMPLICATED,9,2,5,9,4,5,1.0,1,1,0.0,0,0,1,0,True,True,after_only;discard_midpoint;score_lt_5=low;score_eq_5=missing;score_gt_5=high
DEJA-VU,Cohort_B_Paired_EEG_EMG_Strict,P024,S001,2,6,P024_S001_p2,The Visitors,the_visitors,filmstim_the_visitors,FilmStim,A,Fun,130.0,349.0,479.0,130.0,False,S001_quadrant_A_pos2.h5,True,True,quadrant,False,True,1.0,5.0,5.0,2,2,"before=1,after=1",True,True,True,True,sub-P024_ses-S001_task-Default_run-001_eeg.xdf,clean_P024_S001.h5,P024_S001,journey:1;videos:1;video_mappings:1;ratings:2,False,,P024_S001_p2,presentation,True,66558,66560,0.9999699519230768,0.001953178551048,True,1.0,1.0,False,False,False,False,0.0300941339786327,0.7406057547083491,0.1622118949890136,2.5412885373830774,True,True,PASS,False,True,True,NOT_IMPLICATED,7,3,9,1,5,5,0.0,0,0,,0,1,0,,True,False,after_only;discard_midpoint;score_lt_5=low;score_eq_5=missing;score_gt_5=high
DEJA-VU,Cohort_B_Paired_EEG_EMG_Strict,P024,S001,3,10,P024_S001_p3,The Champ,the_champ,filmstim_the_champ,FilmStim,C,Sadness,181.0,612.0,793.0,181.0,False,S001_quadrant_C_pos3.h5,True,True,quadrant,False,True,1.0,7.0,5.0,2,2,"before=1,after=1",True,True,True,True,sub-P024_ses-S001_task-Default_run-001_eeg.xdf,clean_P024_S001.h5,P024_S001,journey:1;videos:1;video_mappings:1;ratings:2,False,,P024_S001_p3,presentation,True,92669,92672,0.999967627762431,0.001953178551048,True,1.0,1.0,False,False,False,False,0.1172711811386011,0.2339386481897248,0.4635085201263429,0.8030416536331177,True,True,PASS,False,True,True,NOT_IMPLICATED,5,1,9,1,7,5,0.0,0,0,1.0,1,1,0,1,True,True,after_only;discard_midpoint;score_lt_5=low;score_eq_5=missing;score_gt_5=high
DEJA-VU,Cohort_B_Paired_EEG_EMG_Strict,P024,S001,4,14,P024_S001_p4,Misery,misery,filmstim_misery,FilmStim,B,Fear,220.0,926.0,1146.0,220.0,False,S001_quadrant_B_pos4.h5,True,True,quadrant,False,True,1.0,9.0,1.0,2,2,"before=1,after=1",True,True,True,True,sub-P024_ses-S001_task-Default_run-001_eeg.xdf,clean_P024_S001.h5,P024_S001,journey:1;videos:1;video_mappings:1;ratings:2,False,,P024_S001_p4,presentation,True,112637,112640,0.9999733664772728,0.001953178551048,True,1.0,1.0,False,False,False,False,0.06861689357132,1.2545721079264656,0.2990384769439695,3.727051510810852,True,True,PASS,False,True,True,NOT_IMPLICATED,5,1,9,1,9,1,0.0,0,0,1.0,1,1,0,1,True,True,after_only;discard_midpoint;score_lt_5=low;score_eq_5=missing;score_gt_5=high
DEJA-VU,Cohort_B_Paired_EEG_EMG_Strict,P025,S001,2,6,P025_S001_p2,The Visitors,the_visitors,filmstim_the_visitors,FilmStim,A,Fun,130.0,349.0,479.0,130.0,False,S001_quadrant_A_pos2.h5,True,True,quadrant,False,True,5.0,7.0,7.0,2,2,"before=1,after=1",True,True,True,True,sub-P025_ses-S001_task-Default_run-001_eeg.xdf,clean_P025_S001.h5,P025_S001,journey:1;videos:1;video_mappings:1;ratings:2,False,,P025_S001_p2,presentation,True,66558,66560,0.9999699519230768,0.0019531800644472,True,1.0,1.0,False,False,False,False,0.3074132404815645,0.1490803300650062,0.9181079864501952,0.6200747489929199,True,True,PASS,False,True,True,NOT_IMPLICATED,5,3,3,5,7,7,,0,1,1.0,1,1,,1,False,True,after_only;discard_midpoint;score_lt_5=low;score_eq_5=missing;score_gt_5=high
DEJA-VU,Cohort_B_Paired_EEG_EMG_Strict,P025,S001,3,10,P025_S001_p3,28 days later,28_days_later,emostim_28_days_later,EmoStim,B,Fear,172.0,612.0,784.0,172.0,False,S001_quadrant_B_pos3.h5,True,True,quadrant,False,True,2.0,6.0,5.0,2,2,"before=1,after=1",True,True,True,True,sub-P025_ses-S001_task-Default_run-001_eeg.xdf,clean_P025_S001.h5,P025_S001,journey:1;videos:1;video_mappings:1;ratings:2,False,,P025_S001_p3,presentation,True,88061,88064,0.9999659338662792,0.0019531800644472,True,1.0,1.0,False,False,False,False,0.1798698544858531,0.1737643436713715,0.543787574768066,0.7292751312255863,True,True,PASS,False,True,True,NOT_IMPLICATED,6,2,2,2,6,5,0.0,0,0,1.0,1,1,0,1,True,True,after_only;discard_midpoint;score_lt_5=low;score_eq_5=missing;score_gt_5=high
DEJA-VU,Cohort_B_Paired_EEG_EMG_Strict,P025,S001,4,14,P025_S001_p4,Dangerous Minds,dangerous_minds,"emostim,_filmstim_dangerous_minds","EmoStim, FilmStim",C,Sadness,143.0,917.0,1060.0,143.0,False,S001_quadrant_C_pos4.h5,True,True,quadrant,False,True,4.0,4.0,2.0,2,2,"before=1,after=1",True,True,True,True,sub-P025_ses-S001_task-Default_run-001_eeg.xdf,clean_P025_S001.h5,P025_S001,journey:1;videos:1;video_mappings:1;ratings:2,False,,P025_S001_p4,presentation,True,73214,73216,0.9999726835664337,0.0019531800644472,True,1.0,1.0,False,False,False,False,0.1154682572923889,0.1546848776786784,0.4789294576644893,0.639138813018798,True,True,PASS,False,True,True,NOT_IMPLICATED,7,2,2,4,4,2,0.0,0,0,0.0,0,0,0,0,True,True,after_only;discard_midpoint;score_lt_5=low;score_eq_5=missing;score_gt_5=high
DEJA-VU,Cohort_B_Paired_EEG_EMG_Strict,P026,S001,2,6,P026_S001_p2,Mr. Bean,mr._bean,emostim_mr._bean,EmoStim,A,Fun,159.0,349.0,508.0,159.0,False,S001_quadrant_A_pos2.h5,True,True,quadrant,False,True,9.0,5.0,9.0,2,2,"before=1,after=1",True,True,True,True,sub-P026_ses-S001_task-Default_run-001_eeg.xdf,clean_P026_S001.h5,P026_S001,journey:1;videos:1;video_mappings:1;ratings:2,False,,P026_S001_p2,presentation,True,81311,81408,0.9988084709119496,0.0019554459722712,True,1.0,1.0,False,False,False,False,0.1098811822293742,0.0696126378113692,0.5350703358650204,0.3535084724426269,True,True,PASS,False,True,True,NOT_IMPLICATED,2,1,9,9,5,9,1.0,1,1,,0,1,1,,True,False,after_only;discard_midpoint;score_lt_5=low;score_eq_5=missing;score_gt_5=high
DEJA-VU,Cohort_B_Paired_EEG_EMG_Strict,P026,S001,3,10,P026_S001_p3,28 days later,28_days_later,emostim_28_days_later,EmoStim,B,Fear,172.0,641.0,813.0,172.0,False,S001_quadrant_B_pos3.h5,True,True,quadrant,False,True,2.0,7.0,5.0,2,2,"before=1,after=1",True,True,True,True,sub-P026_ses-S001_task-Default_run-001_eeg.xdf,clean_P026_S001.h5,P026_S001,journey:1;videos:1;video_mappings:1;ratings:2,False,,P026_S001_p3,presentation,True,87960,88064,0.9988190406976744,0.0019554459722712,True,1.0,1.0,False,False,False,False,0.0724661325002002,0.1002594497468719,0.2526619005203248,0.4161528682708741,True,True,PASS,False,True,True,NOT_IMPLICATED,3,2,9,2,7,5,0.0,0,0,1.0,1,1,0,1,True,True,after_only;discard_midpoint;score_lt_5=low;score_eq_5=missing;score_gt_5=high
DEJA-VU,Cohort_B_Paired_EEG_EMG_Strict,P026,S001,4,14,P026_S001_p4,Dangerous Minds,dangerous_minds,"emostim,_filmstim_dangerous_minds","EmoStim, FilmStim",C,Sadness,143.0,946.0,1089.0,143.0,False,S001_quadrant_C_pos4.h5,True,True,quadrant,False,True,5.0,1.0,9.0,2,2,"before=1,after=1",True,True,True,True,sub-P026_ses-S001_task-Default_run-001_eeg.xdf,clean_P026_S001.h5,P026_S001,journey:1;videos:1;video_mappings:1;ratings:2,False,,P026_S001_p4,presentation,True,73129,73216,0.99881173513986,0.0019554459722712,True,1.0,1.0,False,False,False,False,0.0542829393984359,0.2585522545380757,0.2282619857788086,0.835045204162598,True,True,PASS,False,True,True,NOT_IMPLICATED,3,4,7,5,1,9,,0,1,0.0,0,0,,0,False,True,after_only;discard_midpoint;score_lt_5=low;score_eq_5=missing;score_gt_5=high
DEJA-VU,Cohort_B_Paired_EEG_EMG_Strict,P027,S001,2,6,P027_S001_p2,The Champ,the_champ,filmstim_the_champ,FilmStim,C,Sadness,181.0,349.0,530.0,181.0,False,S001_quadrant_C_pos2.h5,True,True,quadrant,False,True,1.0,8.0,2.0,2,2,"before=1,after=1",True,True,True,True,sub-P027_ses-S001_task-Default_run-001_eeg.xdf,clean_P027_S001.h5,P027_S001,journey:1;videos:1;video_mappings:1;ratings:2,False,,P027_S001_p2,presentation,True,92541,92672,0.9985864122928176,0.001955893356353,True,1.0,1.0,False,False,False,False,0.1962978498337652,0.057949091160592,0.6508064270019531,0.2896884918212885,True,True,PASS,False,True,True,NOT_IMPLICATED,8,4,6,1,8,2,0.0,0,0,1.0,1,1,0,1,True,True,after_only;discard_midpoint;score_lt_5=low;score_eq_5=missing;score_gt_5=high
DEJA-VU,Cohort_B_Paired_EEG_EMG_Strict,P027,S001,3,10,P027_S001_p3,Scream,scream,filmstim_scream,FilmStim,B,Fear,216.0,663.0,879.0,216.0,False,S001_quadrant_B_pos3.h5,True,True,quadrant,False,True,1.0,8.0,2.0,2,2,"before=1,after=1",True,True,True,True,sub-P027_ses-S001_task-Default_run-001_eeg.xdf,clean_P027_S001.h5,P027_S001,journey:1;videos:1;video_mappings:1;ratings:2,False,,P027_S001_p3,presentation,True,110435,110592,0.998580367476852,0.001955893356353,True,1.0,1.0,False,False,False,False,0.061466810116351,0.180852263818711,0.2373523712158203,0.5840001010894778,True,True,PASS,False,True,True,NOT_IMPLICATED,4,5,4,1,8,2,0.0,0,0,1.0,1,1,0,1,True,True,after_only;discard_midpoint;score_lt_5=low;score_eq_5=missing;score_gt_5=high
DEJA-VU,Cohort_B_Paired_EEG_EMG_Strict,P027,S001,4,14,P027_S001_p4,The Visitors,the_visitors,filmstim_the_visitors,FilmStim,A,Fun,130.0,1012.0,1142.0,130.0,False,S001_quadrant_A_pos4.h5,True,True,quadrant,False,True,5.0,7.0,5.0,2,2,"before=1,after=1",True,True,True,True,sub-P027_ses-S001_task-Default_run-001_eeg.xdf,clean_P027_S001.h5,P027_S001,journey:1;videos:1;video_mappings:1;ratings:2,False,,P027_S001_p4,presentation,True,66466,66560,0.9985877403846154,0.001955893356353,True,1.0,1.0,False,False,False,False,0.0873307985971709,0.058527557066933,0.355825662612915,0.2972323417663585,True,True,PASS,False,True,True,NOT_IMPLICATED,5,5,6,5,7,5,,0,1,1.0,1,1,,1,False,True,after_only;discard_midpoint;score_lt_5=low;score_eq_5=missing;score_gt_5=high
DEJA-VU,Cohort_B_Paired_EEG_EMG_Strict,P028,S001,2,6,P028_S001_p2,Misery,misery,filmstim_misery,FilmStim,B,Fear,220.0,349.0,569.0,220.0,False,S001_quadrant_B_pos2.h5,True,True,quadrant,False,True,1.0,6.0,3.0,2,2,"before=1,after=1",True,True,True,True,sub-P028_ses-S001_task-Default_run-001_eeg.xdf,clean_P028_S001.h5,P028_S001,journey:1;videos:1;video_mappings:1;ratings:2,False,,P028_S001_p2,presentation,True,112637,112640,0.9999733664772728,0.0019531800353433,True,1.0,1.0,False,False,False,False,0.085864993610769,0.0666587447602901,0.3539009094238281,0.3846868133544916,True,True,PASS,False,True,True,NOT_IMPLICATED,7,2,5,1,6,3,0.0,0,0,1.0,1,1,0,1,True,True,after_only;discard_midpoint;score_lt_5=low;score_eq_5=missing;score_gt_5=high
DEJA-VU,Cohort_B_Paired_EEG_EMG_Strict,P028,S001,3,10,P028_S001_p3,The Champ,the_champ,filmstim_the_champ,FilmStim,C,Sadness,181.0,702.0,883.0,181.0,False,S001_quadrant_C_pos3.h5,True,True,quadrant,False,True,1.0,5.0,2.0,2,2,"before=1,after=1",True,True,True,True,sub-P028_ses-S001_task-Default_run-001_eeg.xdf,clean_P028_S001.h5,P028_S001,journey:1;videos:1;video_mappings:1;ratings:2,False,,P028_S001_p3,presentation,True,92670,92672,0.9999784185082872,0.0019531800353433,True,1.0,1.0,False,False,False,False,0.0973299577946787,0.0659247349238748,0.3877885913848882,0.3870397758483896,True,True,PASS,False,True,True,NOT_IMPLICATED,7,2,5,1,5,2,0.0,0,0,,0,1,0,,True,False,after_only;discard_midpoint;score_lt_5=low;score_eq_5=missing;score_gt_5=high
DEJA-VU,Cohort_B_Paired_EEG_EMG_Strict,P028,S001,4,14,P028_S001_p4,The Visitors,the_visitors,filmstim_the_visitors,FilmStim,A,Fun,130.0,1016.0,1146.0,130.0,False,S001_quadrant_A_pos4.h5,True,True,quadrant,False,True,5.0,2.0,5.0,2,2,"before=1,after=1",True,True,True,True,sub-P028_ses-S001_task-Default_run-001_eeg.xdf,clean_P028_S001.h5,P028_S001,journey:1;videos:1;video_mappings:1;ratings:2,False,,P028_S001_p4,presentation,True,66558,66560,0.9999699519230768,0.0019531800353433,True,1.0,1.0,False,False,False,False,0.0507652671421936,0.057301938788266,0.2140507030487057,0.3556532859802246,True,True,PASS,False,True,True,NOT_IMPLICATED,6,3,5,5,2,5,,0,1,0.0,0,0,,0,False,True,after_only;discard_midpoint;score_lt_5=low;score_eq_5=missing;score_gt_5=high
