repetition,role,scheme,cell_id,subject_fold,video_fold,held_out_participants,held_out_videos,task,policy,raw_test_rows,retained_test_rows,test_low,test_high,test_both_classes,train_rows,retained_train_rows,train_low,train_high,train_both_classes
0,primary,3x3,R00_S1_V1,1,1,P002;P004;P006;P008;P009;P011;P014;P027,Misery;Mr. Bean;My girl;The Champ;The Visitors;When Harry met Sally,valence,discard_midpoint,19,18,12,6,True,24,21,17,4,True
0,primary,3x3,R00_S1_V1,1,1,P002;P004;P006;P008;P009;P011;P014;P027,Misery;Mr. Bean;My girl;The Champ;The Visitors;When Harry met Sally,valence,midpoint_as_low,19,19,13,6,True,24,24,20,4,True
0,primary,3x3,R00_S1_V1,1,1,P002;P004;P006;P008;P009;P011;P014;P027,Misery;Mr. Bean;My girl;The Champ;The Visitors;When Harry met Sally,valence,midpoint_as_high,19,19,12,7,True,24,24,17,7,True
0,primary,3x3,R00_S1_V1,1,1,P002;P004;P006;P008;P009;P011;P014;P027,Misery;Mr. Bean;My girl;The Champ;The Visitors;When Harry met Sally,arousal,discard_midpoint,19,14,2,12,True,24,22,15,7,True
0,primary,3x3,R00_S1_V1,1,1,P002;P004;P006;P008;P009;P011;P014;P027,Misery;Mr. Bean;My girl;The Champ;The Visitors;When Harry met Sally,arousal,midpoint_as_low,19,19,7,12,True,24,24,17,7,True
0,primary,3x3,R00_S1_V1,1,1,P002;P004;P006;P008;P009;P011;P014;P027,Misery;Mr. Bean;My girl;The Champ;The Visitors;When Harry met Sally,arousal,midpoint_as_high,19,19,2,17,True,24,24,15,9,True
0,primary,3x3,R00_S1_V2,1,2,P002;P004;P006;P008;P009;P011;P014;P027,28 days later;Fish called Wanda;Scream;The Shining 2;There is something about Mary,valence,discard_midpoint,9,7,3,4,True,45,35,26,9,True
0,primary,3x3,R00_S1_V2,1,2,P002;P004;P006;P008;P009;P011;P014;P027,28 days later;Fish called Wanda;Scream;The Shining 2;There is something about Mary,valence,midpoint_as_low,9,9,5,4,True,45,45,36,9,True
0,primary,3x3,R00_S1_V2,1,2,P002;P004;P006;P008;P009;P011;P014;P027,28 days later;Fish called Wanda;Scream;The Shining 2;There is something about Mary,valence,midpoint_as_high,9,9,3,6,True,45,45,26,19,True
0,primary,3x3,R00_S1_V2,1,2,P002;P004;P006;P008;P009;P011;P014;P027,28 days later;Fish called Wanda;Scream;The Shining 2;There is something about Mary,arousal,discard_midpoint,9,6,1,5,True,45,35,21,14,True
0,primary,3x3,R00_S1_V2,1,2,P002;P004;P006;P008;P009;P011;P014;P027,28 days later;Fish called Wanda;Scream;The Shining 2;There is something about Mary,arousal,midpoint_as_low,9,9,4,5,True,45,45,31,14,True
0,primary,3x3,R00_S1_V2,1,2,P002;P004;P006;P008;P009;P011;P014;P027,28 days later;Fish called Wanda;Scream;The Shining 2;There is something about Mary,arousal,midpoint_as_high,9,9,1,8,True,45,45,21,24,True
0,primary,3x3,R00_S1_V3,1,3,P002;P004;P006;P008;P009;P011;P014;P027,Dangerous Minds;Life is beautiful;The Exorcist;The Shining;There is something about Mary 2,valence,discard_midpoint,5,4,4,0,False,45,36,25,11,True
0,primary,3x3,R00_S1_V3,1,3,P002;P004;P006;P008;P009;P011;P014;P027,Dangerous Minds;Life is beautiful;The Exorcist;The Shining;There is something about Mary 2,valence,midpoint_as_low,5,5,5,0,False,45,45,34,11,True
0,primary,3x3,R00_S1_V3,1,3,P002;P004;P006;P008;P009;P011;P014;P027,Dangerous Minds;Life is beautiful;The Exorcist;The Shining;There is something about Mary 2,valence,midpoint_as_high,5,5,4,1,True,45,45,25,20,True
0,primary,3x3,R00_S1_V3,1,3,P002;P004;P006;P008;P009;P011;P014;P027,Dangerous Minds;Life is beautiful;The Exorcist;The Shining;There is something about Mary 2,arousal,discard_midpoint,5,5,3,2,True,45,35,18,17,True
0,primary,3x3,R00_S1_V3,1,3,P002;P004;P006;P008;P009;P011;P014;P027,Dangerous Minds;Life is beautiful;The Exorcist;The Shining;There is something about Mary 2,arousal,midpoint_as_low,5,5,3,2,True,45,45,28,17,True
0,primary,3x3,R00_S1_V3,1,3,P002;P004;P006;P008;P009;P011;P014;P027,Dangerous Minds;Life is beautiful;The Exorcist;The Shining;There is something about Mary 2,arousal,midpoint_as_high,5,5,3,2,True,45,45,18,27,True
0,primary,3x3,R00_S2_V1,2,1,P001;P003;P007;P017;P018;P022;P023;P024,Misery;Mr. Bean;My girl;The Champ;The Visitors;When Harry met Sally,valence,discard_midpoint,19,18,13,5,True,24,20,14,6,True
0,primary,3x3,R00_S2_V1,2,1,P001;P003;P007;P017;P018;P022;P023;P024,Misery;Mr. Bean;My girl;The Champ;The Visitors;When Harry met Sally,valence,midpoint_as_low,19,19,14,5,True,24,24,18,6,True
0,primary,3x3,R00_S2_V1,2,1,P001;P003;P007;P017;P018;P022;P023;P024,Misery;Mr. Bean;My girl;The Champ;The Visitors;When Harry met Sally,valence,midpoint_as_high,19,19,13,6,True,24,24,14,10,True
0,primary,3x3,R00_S2_V1,2,1,P001;P003;P007;P017;P018;P022;P023;P024,Misery;Mr. Bean;My girl;The Champ;The Visitors;When Harry met Sally,arousal,discard_midpoint,19,15,9,6,True,24,21,9,12,True
0,primary,3x3,R00_S2_V1,2,1,P001;P003;P007;P017;P018;P022;P023;P024,Misery;Mr. Bean;My girl;The Champ;The Visitors;When Harry met Sally,arousal,midpoint_as_low,19,19,13,6,True,24,24,12,12,True
0,primary,3x3,R00_S2_V1,2,1,P001;P003;P007;P017;P018;P022;P023;P024,Misery;Mr. Bean;My girl;The Champ;The Visitors;When Harry met Sally,arousal,midpoint_as_high,19,19,9,10,True,24,24,9,15,True
0,primary,3x3,R00_S2_V2,2,2,P001;P003;P007;P017;P018;P022;P023;P024,28 days later;Fish called Wanda;Scream;The Shining 2;There is something about Mary,valence,discard_midpoint,6,5,4,1,True,42,32,23,9,True
0,primary,3x3,R00_S2_V2,2,2,P001;P003;P007;P017;P018;P022;P023;P024,28 days later;Fish called Wanda;Scream;The Shining 2;There is something about Mary,valence,midpoint_as_low,6,6,5,1,True,42,42,33,9,True
0,primary,3x3,R00_S2_V2,2,2,P001;P003;P007;P017;P018;P022;P023;P024,28 days later;Fish called Wanda;Scream;The Shining 2;There is something about Mary,valence,midpoint_as_high,6,6,4,2,True,42,42,23,19,True
0,primary,3x3,R00_S2_V2,2,2,P001;P003;P007;P017;P018;P022;P023;P024,28 days later;Fish called Wanda;Scream;The Shining 2;There is something about Mary,arousal,discard_midpoint,6,5,4,1,True,42,32,11,21,True
0,primary,3x3,R00_S2_V2,2,2,P001;P003;P007;P017;P018;P022;P023;P024,28 days later;Fish called Wanda;Scream;The Shining 2;There is something about Mary,arousal,midpoint_as_low,6,6,5,1,True,42,42,21,21,True
0,primary,3x3,R00_S2_V2,2,2,P001;P003;P007;P017;P018;P022;P023;P024,28 days later;Fish called Wanda;Scream;The Shining 2;There is something about Mary,arousal,midpoint_as_high,6,6,4,2,True,42,42,11,31,True
0,primary,3x3,R00_S2_V3,2,3,P001;P003;P007;P017;P018;P022;P023;P024,Dangerous Minds;Life is beautiful;The Exorcist;The Shining;There is something about Mary 2,valence,discard_midpoint,8,7,6,1,True,48,38,23,15,True
0,primary,3x3,R00_S2_V3,2,3,P001;P003;P007;P017;P018;P022;P023;P024,Dangerous Minds;Life is beautiful;The Exorcist;The Shining;There is something about Mary 2,valence,midpoint_as_low,8,8,7,1,True,48,48,33,15,True
0,primary,3x3,R00_S2_V3,2,3,P001;P003;P007;P017;P018;P022;P023;P024,Dangerous Minds;Life is beautiful;The Exorcist;The Shining;There is something about Mary 2,valence,midpoint_as_high,8,8,6,2,True,48,48,23,25,True
0,primary,3x3,R00_S2_V3,2,3,P001;P003;P007;P017;P018;P022;P023;P024,Dangerous Minds;Life is beautiful;The Exorcist;The Shining;There is something about Mary 2,arousal,discard_midpoint,8,7,6,1,True,48,35,8,27,True
0,primary,3x3,R00_S2_V3,2,3,P001;P003;P007;P017;P018;P022;P023;P024,Dangerous Minds;Life is beautiful;The Exorcist;The Shining;There is something about Mary 2,arousal,midpoint_as_low,8,8,7,1,True,48,48,21,27,True
0,primary,3x3,R00_S2_V3,2,3,P001;P003;P007;P017;P018;P022;P023;P024,Dangerous Minds;Life is beautiful;The Exorcist;The Shining;There is something about Mary 2,arousal,midpoint_as_high,8,8,6,2,True,48,48,8,40,True
0,primary,3x3,R00_S3_V1,3,1,P005;P010;P013;P016;P021;P025;P026;P028,Misery;Mr. Bean;My girl;The Champ;The Visitors;When Harry met Sally,valence,discard_midpoint,14,7,4,3,True,28,23,17,6,True
0,primary,3x3,R00_S3_V1,3,1,P005;P010;P013;P016;P021;P025;P026;P028,Misery;Mr. Bean;My girl;The Champ;The Visitors;When Harry met Sally,valence,midpoint_as_low,14,14,11,3,True,28,28,22,6,True
0,primary,3x3,R00_S3_V1,3,1,P005;P010;P013;P016;P021;P025;P026;P028,Misery;Mr. Bean;My girl;The Champ;The Visitors;When Harry met Sally,valence,midpoint_as_high,14,14,4,10,True,28,28,17,11,True
0,primary,3x3,R00_S3_V1,3,1,P005;P010;P013;P016;P021;P025;P026;P028,Misery;Mr. Bean;My girl;The Champ;The Visitors;When Harry met Sally,arousal,discard_midpoint,14,9,3,6,True,28,23,14,9,True
0,primary,3x3,R00_S3_V1,3,1,P005;P010;P013;P016;P021;P025;P026;P028,Misery;Mr. Bean;My girl;The Champ;The Visitors;When Harry met Sally,arousal,midpoint_as_low,14,14,8,6,True,28,28,19,9,True
0,primary,3x3,R00_S3_V1,3,1,P005;P010;P013;P016;P021;P025;P026;P028,Misery;Mr. Bean;My girl;The Champ;The Visitors;When Harry met Sally,arousal,midpoint_as_high,14,14,3,11,True,28,28,14,14,True
0,primary,3x3,R00_S3_V2,3,2,P005;P010;P013;P016;P021;P025;P026;P028,28 days later;Fish called Wanda;Scream;The Shining 2;There is something about Mary,valence,discard_midpoint,6,6,4,2,True,51,47,35,12,True
0,primary,3x3,R00_S3_V2,3,2,P005;P010;P013;P016;P021;P025;P026;P028,28 days later;Fish called Wanda;Scream;The Shining 2;There is something about Mary,valence,midpoint_as_low,6,6,4,2,True,51,51,39,12,True
0,primary,3x3,R00_S3_V2,3,2,P005;P010;P013;P016;P021;P025;P026;P028,28 days later;Fish called Wanda;Scream;The Shining 2;There is something about Mary,valence,midpoint_as_high,6,6,4,2,True,51,51,35,16,True
0,primary,3x3,R00_S3_V2,3,2,P005;P010;P013;P016;P021;P025;P026;P028,28 days later;Fish called Wanda;Scream;The Shining 2;There is something about Mary,arousal,discard_midpoint,6,6,2,4,True,51,41,20,21,True
0,primary,3x3,R00_S3_V2,3,2,P005;P010;P013;P016;P021;P025;P026;P028,28 days later;Fish called Wanda;Scream;The Shining 2;There is something about Mary,arousal,midpoint_as_low,6,6,2,4,True,51,51,30,21,True
0,primary,3x3,R00_S3_V2,3,2,P005;P010;P013;P016;P021;P025;P026;P028,28 days later;Fish called Wanda;Scream;The Shining 2;There is something about Mary,arousal,midpoint_as_high,6,6,2,4,True,51,51,20,31,True
0,primary,3x3,R00_S3_V3,3,3,P005;P010;P013;P016;P021;P025;P026;P028,Dangerous Minds;Life is beautiful;The Exorcist;The Shining;There is something about Mary 2,valence,discard_midpoint,4,3,3,0,False,53,48,32,16,True
0,primary,3x3,R00_S3_V3,3,3,P005;P010;P013;P016;P021;P025;P026;P028,Dangerous Minds;Life is beautiful;The Exorcist;The Shining;There is something about Mary 2,valence,midpoint_as_low,4,4,4,0,False,53,53,37,16,True
0,primary,3x3,R00_S3_V3,3,3,P005;P010;P013;P016;P021;P025;P026;P028,Dangerous Minds;Life is beautiful;The Exorcist;The Shining;There is something about Mary 2,valence,midpoint_as_high,4,4,3,1,True,53,53,32,21,True
0,primary,3x3,R00_S3_V3,3,3,P005;P010;P013;P016;P021;P025;P026;P028,Dangerous Minds;Life is beautiful;The Exorcist;The Shining;There is something about Mary 2,arousal,discard_midpoint,4,4,3,1,True,53,40,16,24,True
0,primary,3x3,R00_S3_V3,3,3,P005;P010;P013;P016;P021;P025;P026;P028,Dangerous Minds;Life is beautiful;The Exorcist;The Shining;There is something about Mary 2,arousal,midpoint_as_low,4,4,3,1,True,53,53,29,24,True
0,primary,3x3,R00_S3_V3,3,3,P005;P010;P013;P016;P021;P025;P026;P028,Dangerous Minds;Life is beautiful;The Exorcist;The Shining;There is something about Mary 2,arousal,midpoint_as_high,4,4,3,1,True,53,53,16,37,True
1,sensitivity,3x3,R01_S1_V1,1,1,P006;P008;P009;P010;P017;P023;P024;P028,My girl;Scream;The Champ;The Exorcist;There is something about Mary;There is something about Mary 2,valence,discard_midpoint,10,10,7,3,True,37,30,18,12,True
1,sensitivity,3x3,R01_S1_V1,1,1,P006;P008;P009;P010;P017;P023;P024;P028,My girl;Scream;The Champ;The Exorcist;There is something about Mary;There is something about Mary 2,valence,midpoint_as_low,10,10,7,3,True,37,37,25,12,True
1,sensitivity,3x3,R01_S1_V1,1,1,P006;P008;P009;P010;P017;P023;P024;P028,My girl;Scream;The Champ;The Exorcist;There is something about Mary;There is something about Mary 2,valence,midpoint_as_high,10,10,7,3,True,37,37,18,19,True
1,sensitivity,3x3,R01_S1_V1,1,1,P006;P008;P009;P010;P017;P023;P024;P028,My girl;Scream;The Champ;The Exorcist;There is something about Mary;There is something about Mary 2,arousal,discard_midpoint,10,6,2,4,True,37,33,13,20,True
1,sensitivity,3x3,R01_S1_V1,1,1,P006;P008;P009;P010;P017;P023;P024;P028,My girl;Scream;The Champ;The Exorcist;There is something about Mary;There is something about Mary 2,arousal,midpoint_as_low,10,10,6,4,True,37,37,17,20,True
1,sensitivity,3x3,R01_S1_V1,1,1,P006;P008;P009;P010;P017;P023;P024;P028,My girl;Scream;The Champ;The Exorcist;There is something about Mary;There is something about Mary 2,arousal,midpoint_as_high,10,10,2,8,True,37,37,13,24,True
1,sensitivity,3x3,R01_S1_V2,1,2,P006;P008;P009;P010;P017;P023;P024;P028,Life is beautiful;Misery;Mr. Bean;The Shining 2;The Visitors,valence,discard_midpoint,11,10,7,3,True,41,33,26,7,True
1,sensitivity,3x3,R01_S1_V2,1,2,P006;P008;P009;P010;P017;P023;P024;P028,Life is beautiful;Misery;Mr. Bean;The Shining 2;The Visitors,valence,midpoint_as_low,11,11,8,3,True,41,41,34,7,True
1,sensitivity,3x3,R01_S1_V2,1,2,P006;P008;P009;P010;P017;P023;P024;P028,Life is beautiful;Misery;Mr. Bean;The Shining 2;The Visitors,valence,midpoint_as_high,11,11,7,4,True,41,41,26,15,True
1,sensitivity,3x3,R01_S1_V2,1,2,P006;P008;P009;P010;P017;P023;P024;P028,Life is beautiful;Misery;Mr. Bean;The Shining 2;The Visitors,arousal,discard_midpoint,11,10,6,4,True,41,31,15,16,True
1,sensitivity,3x3,R01_S1_V2,1,2,P006;P008;P009;P010;P017;P023;P024;P028,Life is beautiful;Misery;Mr. Bean;The Shining 2;The Visitors,arousal,midpoint_as_low,11,11,7,4,True,41,41,25,16,True
1,sensitivity,3x3,R01_S1_V2,1,2,P006;P008;P009;P010;P017;P023;P024;P028,Life is beautiful;Misery;Mr. Bean;The Shining 2;The Visitors,arousal,midpoint_as_high,11,11,6,5,True,41,41,15,26,True
1,sensitivity,3x3,R01_S1_V3,1,3,P006;P008;P009;P010;P017;P023;P024;P028,28 days later;Dangerous Minds;Fish called Wanda;The Shining;When Harry met Sally,valence,discard_midpoint,9,7,6,1,True,42,33,22,11,True
1,sensitivity,3x3,R01_S1_V3,1,3,P006;P008;P009;P010;P017;P023;P024;P028,28 days later;Dangerous Minds;Fish called Wanda;The Shining;When Harry met Sally,valence,midpoint_as_low,9,9,8,1,True,42,42,31,11,True
1,sensitivity,3x3,R01_S1_V3,1,3,P006;P008;P009;P010;P017;P023;P024;P028,28 days later;Dangerous Minds;Fish called Wanda;The Shining;When Harry met Sally,valence,midpoint_as_high,9,9,6,3,True,42,42,22,20,True
1,sensitivity,3x3,R01_S1_V3,1,3,P006;P008;P009;P010;P017;P023;P024;P028,28 days later;Dangerous Minds;Fish called Wanda;The Shining;When Harry met Sally,arousal,discard_midpoint,9,9,5,4,True,42,28,12,16,True
1,sensitivity,3x3,R01_S1_V3,1,3,P006;P008;P009;P010;P017;P023;P024;P028,28 days later;Dangerous Minds;Fish called Wanda;The Shining;When Harry met Sally,arousal,midpoint_as_low,9,9,5,4,True,42,42,26,16,True
1,sensitivity,3x3,R01_S1_V3,1,3,P006;P008;P009;P010;P017;P023;P024;P028,28 days later;Dangerous Minds;Fish called Wanda;The Shining;When Harry met Sally,arousal,midpoint_as_high,9,9,5,4,True,42,42,12,30,True
1,sensitivity,3x3,R01_S2_V1,2,1,P003;P005;P007;P013;P016;P025;P026;P027,My girl;Scream;The Champ;The Exorcist;There is something about Mary;There is something about Mary 2,valence,discard_midpoint,8,5,4,1,True,38,33,23,10,True
1,sensitivity,3x3,R01_S2_V1,2,1,P003;P005;P007;P013;P016;P025;P026;P027,My girl;Scream;The Champ;The Exorcist;There is something about Mary;There is something about Mary 2,valence,midpoint_as_low,8,8,7,1,True,38,38,28,10,True
1,sensitivity,3x3,R01_S2_V1,2,1,P003;P005;P007;P013;P016;P025;P026;P027,My girl;Scream;The Champ;The Exorcist;There is something about Mary;There is something about Mary 2,valence,midpoint_as_high,8,8,4,4,True,38,38,23,15,True
1,sensitivity,3x3,R01_S2_V1,2,1,P003;P005;P007;P013;P016;P025;P026;P027,My girl;Scream;The Champ;The Exorcist;There is something about Mary;There is something about Mary 2,arousal,discard_midpoint,8,7,4,3,True,38,35,19,16,True
1,sensitivity,3x3,R01_S2_V1,2,1,P003;P005;P007;P013;P016;P025;P026;P027,My girl;Scream;The Champ;The Exorcist;There is something about Mary;There is something about Mary 2,arousal,midpoint_as_low,8,8,5,3,True,38,38,22,16,True
1,sensitivity,3x3,R01_S2_V1,2,1,P003;P005;P007;P013;P016;P025;P026;P027,My girl;Scream;The Champ;The Exorcist;There is something about Mary;There is something about Mary 2,arousal,midpoint_as_high,8,8,4,4,True,38,38,19,19,True
1,sensitivity,3x3,R01_S2_V2,2,2,P003;P005;P007;P013;P016;P025;P026;P027,Life is beautiful;Misery;Mr. Bean;The Shining 2;The Visitors,valence,discard_midpoint,8,5,1,4,True,41,36,28,8,True
1,sensitivity,3x3,R01_S2_V2,2,2,P003;P005;P007;P013;P016;P025;P026;P027,Life is beautiful;Misery;Mr. Bean;The Shining 2;The Visitors,valence,midpoint_as_low,8,8,4,4,True,41,41,33,8,True
1,sensitivity,3x3,R01_S2_V2,2,2,P003;P005;P007;P013;P016;P025;P026;P027,Life is beautiful;Misery;Mr. Bean;The Shining 2;The Visitors,valence,midpoint_as_high,8,8,1,7,True,41,41,28,13,True
1,sensitivity,3x3,R01_S2_V2,2,2,P003;P005;P007;P013;P016;P025;P026;P027,Life is beautiful;Misery;Mr. Bean;The Shining 2;The Visitors,arousal,discard_midpoint,8,6,1,5,True,41,28,14,14,True
1,sensitivity,3x3,R01_S2_V2,2,2,P003;P005;P007;P013;P016;P025;P026;P027,Life is beautiful;Misery;Mr. Bean;The Shining 2;The Visitors,arousal,midpoint_as_low,8,8,3,5,True,41,41,27,14,True
1,sensitivity,3x3,R01_S2_V2,2,2,P003;P005;P007;P013;P016;P025;P026;P027,Life is beautiful;Misery;Mr. Bean;The Shining 2;The Visitors,arousal,midpoint_as_high,8,8,1,7,True,41,41,14,27,True
1,sensitivity,3x3,R01_S2_V3,2,3,P003;P005;P007;P013;P016;P025;P026;P027,28 days later;Dangerous Minds;Fish called Wanda;The Shining;When Harry met Sally,valence,discard_midpoint,11,9,7,2,True,47,43,31,12,True
1,sensitivity,3x3,R01_S2_V3,2,3,P003;P005;P007;P013;P016;P025;P026;P027,28 days later;Dangerous Minds;Fish called Wanda;The Shining;When Harry met Sally,valence,midpoint_as_low,11,11,9,2,True,47,47,35,12,True
1,sensitivity,3x3,R01_S2_V3,2,3,P003;P005;P007;P013;P016;P025;P026;P027,28 days later;Dangerous Minds;Fish called Wanda;The Shining;When Harry met Sally,valence,midpoint_as_high,11,11,7,4,True,47,47,31,16,True
1,sensitivity,3x3,R01_S2_V3,2,3,P003;P005;P007;P013;P016;P025;P026;P027,28 days later;Dangerous Minds;Fish called Wanda;The Shining;When Harry met Sally,arousal,discard_midpoint,11,11,4,7,True,47,31,15,16,True
1,sensitivity,3x3,R01_S2_V3,2,3,P003;P005;P007;P013;P016;P025;P026;P027,28 days later;Dangerous Minds;Fish called Wanda;The Shining;When Harry met Sally,arousal,midpoint_as_low,11,11,4,7,True,47,47,31,16,True
1,sensitivity,3x3,R01_S2_V3,2,3,P003;P005;P007;P013;P016;P025;P026;P027,28 days later;Dangerous Minds;Fish called Wanda;The Shining;When Harry met Sally,arousal,midpoint_as_high,11,11,4,7,True,47,47,15,32,True
1,sensitivity,3x3,R01_S3_V1,3,1,P001;P002;P004;P011;P014;P018;P021;P022,My girl;Scream;The Champ;The Exorcist;There is something about Mary;There is something about Mary 2,valence,discard_midpoint,15,13,11,2,True,39,31,21,10,True
1,sensitivity,3x3,R01_S3_V1,3,1,P001;P002;P004;P011;P014;P018;P021;P022,My girl;Scream;The Champ;The Exorcist;There is something about Mary;There is something about Mary 2,valence,midpoint_as_low,15,15,13,2,True,39,39,29,10,True
1,sensitivity,3x3,R01_S3_V1,3,1,P001;P002;P004;P011;P014;P018;P021;P022,My girl;Scream;The Champ;The Exorcist;There is something about Mary;There is something about Mary 2,valence,midpoint_as_high,15,15,11,4,True,39,39,21,18,True
1,sensitivity,3x3,R01_S3_V1,3,1,P001;P002;P004;P011;P014;P018;P021;P022,My girl;Scream;The Champ;The Exorcist;There is something about Mary;There is something about Mary 2,arousal,discard_midpoint,15,6,3,3,True,39,36,16,20,True
1,sensitivity,3x3,R01_S3_V1,3,1,P001;P002;P004;P011;P014;P018;P021;P022,My girl;Scream;The Champ;The Exorcist;There is something about Mary;There is something about Mary 2,arousal,midpoint_as_low,15,15,12,3,True,39,39,19,20,True
1,sensitivity,3x3,R01_S3_V1,3,1,P001;P002;P004;P011;P014;P018;P021;P022,My girl;Scream;The Champ;The Exorcist;There is something about Mary;There is something about Mary 2,arousal,midpoint_as_high,15,15,3,12,True,39,39,16,23,True
1,sensitivity,3x3,R01_S3_V2,3,2,P001;P002;P004;P011;P014;P018;P021;P022,Life is beautiful;Misery;Mr. Bean;The Shining 2;The Visitors,valence,discard_midpoint,11,10,6,4,True,38,31,24,7,True
1,sensitivity,3x3,R01_S3_V2,3,2,P001;P002;P004;P011;P014;P018;P021;P022,Life is beautiful;Misery;Mr. Bean;The Shining 2;The Visitors,valence,midpoint_as_low,11,11,7,4,True,38,38,31,7,True
1,sensitivity,3x3,R01_S3_V2,3,2,P001;P002;P004;P011;P014;P018;P021;P022,Life is beautiful;Misery;Mr. Bean;The Shining 2;The Visitors,valence,midpoint_as_high,11,11,6,5,True,38,38,24,14,True
1,sensitivity,3x3,R01_S3_V2,3,2,P001;P002;P004;P011;P014;P018;P021;P022,Life is beautiful;Misery;Mr. Bean;The Shining 2;The Visitors,arousal,discard_midpoint,11,9,4,5,True,38,33,15,18,True
1,sensitivity,3x3,R01_S3_V2,3,2,P001;P002;P004;P011;P014;P018;P021;P022,Life is beautiful;Misery;Mr. Bean;The Shining 2;The Visitors,arousal,midpoint_as_low,11,11,6,5,True,38,38,20,18,True
1,sensitivity,3x3,R01_S3_V2,3,2,P001;P002;P004;P011;P014;P018;P021;P022,Life is beautiful;Misery;Mr. Bean;The Shining 2;The Visitors,arousal,midpoint_as_high,11,11,4,7,True,38,38,15,23,True
1,sensitivity,3x3,R01_S3_V3,3,3,P001;P002;P004;P011;P014;P018;P021;P022,28 days later;Dangerous Minds;Fish called Wanda;The Shining;When Harry met Sally,valence,discard_midpoint,7,6,4,2,True,37,30,19,11,True
1,sensitivity,3x3,R01_S3_V3,3,3,P001;P002;P004;P011;P014;P018;P021;P022,28 days later;Dangerous Minds;Fish called Wanda;The Shining;When Harry met Sally,valence,midpoint_as_low,7,7,5,2,True,37,37,26,11,True
1,sensitivity,3x3,R01_S3_V3,3,3,P001;P002;P004;P011;P014;P018;P021;P022,28 days later;Dangerous Minds;Fish called Wanda;The Shining;When Harry met Sally,valence,midpoint_as_high,7,7,4,3,True,37,37,19,18,True
1,sensitivity,3x3,R01_S3_V3,3,3,P001;P002;P004;P011;P014;P018;P021;P022,28 days later;Dangerous Minds;Fish called Wanda;The Shining;When Harry met Sally,arousal,discard_midpoint,7,7,4,3,True,37,29,13,16,True
1,sensitivity,3x3,R01_S3_V3,3,3,P001;P002;P004;P011;P014;P018;P021;P022,28 days later;Dangerous Minds;Fish called Wanda;The Shining;When Harry met Sally,arousal,midpoint_as_low,7,7,4,3,True,37,37,21,16,True
1,sensitivity,3x3,R01_S3_V3,3,3,P001;P002;P004;P011;P014;P018;P021;P022,28 days later;Dangerous Minds;Fish called Wanda;The Shining;When Harry met Sally,arousal,midpoint_as_high,7,7,4,3,True,37,37,13,24,True
2,sensitivity,3x3,R02_S1_V1,1,1,P001;P003;P005;P008;P016;P017;P021;P028,28 days later;Misery;Mr. Bean;My girl;The Shining;When Harry met Sally,valence,discard_midpoint,11,8,5,3,True,27,22,17,5,True
2,sensitivity,3x3,R02_S1_V1,1,1,P001;P003;P005;P008;P016;P017;P021;P028,28 days later;Misery;Mr. Bean;My girl;The Shining;When Harry met Sally,valence,midpoint_as_low,11,11,8,3,True,27,27,22,5,True
2,sensitivity,3x3,R02_S1_V1,1,1,P001;P003;P005;P008;P016;P017;P021;P028,28 days later;Misery;Mr. Bean;My girl;The Shining;When Harry met Sally,valence,midpoint_as_high,11,11,5,6,True,27,27,17,10,True
2,sensitivity,3x3,R02_S1_V1,1,1,P001;P003;P005;P008;P016;P017;P021;P028,28 days later;Misery;Mr. Bean;My girl;The Shining;When Harry met Sally,arousal,discard_midpoint,11,10,4,6,True,27,19,8,11,True
2,sensitivity,3x3,R02_S1_V1,1,1,P001;P003;P005;P008;P016;P017;P021;P028,28 days later;Misery;Mr. Bean;My girl;The Shining;When Harry met Sally,arousal,midpoint_as_low,11,11,5,6,True,27,27,16,11,True
2,sensitivity,3x3,R02_S1_V1,1,1,P001;P003;P005;P008;P016;P017;P021;P028,28 days later;Misery;Mr. Bean;My girl;The Shining;When Harry met Sally,arousal,midpoint_as_high,11,11,4,7,True,27,27,8,19,True
2,sensitivity,3x3,R02_S1_V2,1,2,P001;P003;P005;P008;P016;P017;P021;P028,Dangerous Minds;Life is beautiful;The Champ;The Exorcist;The Visitors,valence,discard_midpoint,13,10,8,2,True,41,37,23,14,True
2,sensitivity,3x3,R02_S1_V2,1,2,P001;P003;P005;P008;P016;P017;P021;P028,Dangerous Minds;Life is beautiful;The Champ;The Exorcist;The Visitors,valence,midpoint_as_low,13,13,11,2,True,41,41,27,14,True
2,sensitivity,3x3,R02_S1_V2,1,2,P001;P003;P005;P008;P016;P017;P021;P028,Dangerous Minds;Life is beautiful;The Champ;The Exorcist;The Visitors,valence,midpoint_as_high,13,13,8,5,True,41,41,23,18,True
2,sensitivity,3x3,R02_S1_V2,1,2,P001;P003;P005;P008;P016;P017;P021;P028,Dangerous Minds;Life is beautiful;The Champ;The Exorcist;The Visitors,arousal,discard_midpoint,13,11,9,2,True,41,32,9,23,True
2,sensitivity,3x3,R02_S1_V2,1,2,P001;P003;P005;P008;P016;P017;P021;P028,Dangerous Minds;Life is beautiful;The Champ;The Exorcist;The Visitors,arousal,midpoint_as_low,13,13,11,2,True,41,41,18,23,True
2,sensitivity,3x3,R02_S1_V2,1,2,P001;P003;P005;P008;P016;P017;P021;P028,Dangerous Minds;Life is beautiful;The Champ;The Exorcist;The Visitors,arousal,midpoint_as_high,13,13,9,4,True,41,41,9,32,True
2,sensitivity,3x3,R02_S1_V3,1,3,P001;P003;P005;P008;P016;P017;P021;P028,Fish called Wanda;Scream;The Shining 2;There is something about Mary;There is something about Mary 2,valence,discard_midpoint,6,5,3,2,True,52,45,34,11,True
2,sensitivity,3x3,R02_S1_V3,1,3,P001;P003;P005;P008;P016;P017;P021;P028,Fish called Wanda;Scream;The Shining 2;There is something about Mary;There is something about Mary 2,valence,midpoint_as_low,6,6,4,2,True,52,52,41,11,True
2,sensitivity,3x3,R02_S1_V3,1,3,P001;P003;P005;P008;P016;P017;P021;P028,Fish called Wanda;Scream;The Shining 2;There is something about Mary;There is something about Mary 2,valence,midpoint_as_high,6,6,3,3,True,52,52,34,18,True
2,sensitivity,3x3,R02_S1_V3,1,3,P001;P003;P005;P008;P016;P017;P021;P028,Fish called Wanda;Scream;The Shining 2;There is something about Mary;There is something about Mary 2,arousal,discard_midpoint,6,4,4,0,False,52,41,15,26,True
2,sensitivity,3x3,R02_S1_V3,1,3,P001;P003;P005;P008;P016;P017;P021;P028,Fish called Wanda;Scream;The Shining 2;There is something about Mary;There is something about Mary 2,arousal,midpoint_as_low,6,6,6,0,False,52,52,26,26,True
2,sensitivity,3x3,R02_S1_V3,1,3,P001;P003;P005;P008;P016;P017;P021;P028,Fish called Wanda;Scream;The Shining 2;There is something about Mary;There is something about Mary 2,arousal,midpoint_as_high,6,6,4,2,True,52,52,15,37,True
2,sensitivity,3x3,R02_S2_V1,2,1,P004;P007;P010;P011;P014;P024;P025;P026,28 days later;Misery;Mr. Bean;My girl;The Shining;When Harry met Sally,valence,discard_midpoint,15,15,11,4,True,31,25,18,7,True
2,sensitivity,3x3,R02_S2_V1,2,1,P004;P007;P010;P011;P014;P024;P025;P026,28 days later;Misery;Mr. Bean;My girl;The Shining;When Harry met Sally,valence,midpoint_as_low,15,15,11,4,True,31,31,24,7,True
2,sensitivity,3x3,R02_S2_V1,2,1,P004;P007;P010;P011;P014;P024;P025;P026,28 days later;Misery;Mr. Bean;My girl;The Shining;When Harry met Sally,valence,midpoint_as_high,15,15,11,4,True,31,31,18,13,True
2,sensitivity,3x3,R02_S2_V1,2,1,P004;P007;P010;P011;P014;P024;P025;P026,28 days later;Misery;Mr. Bean;My girl;The Shining;When Harry met Sally,arousal,discard_midpoint,15,12,3,9,True,31,24,16,8,True
2,sensitivity,3x3,R02_S2_V1,2,1,P004;P007;P010;P011;P014;P024;P025;P026,28 days later;Misery;Mr. Bean;My girl;The Shining;When Harry met Sally,arousal,midpoint_as_low,15,15,6,9,True,31,31,23,8,True
2,sensitivity,3x3,R02_S2_V1,2,1,P004;P007;P010;P011;P014;P024;P025;P026,28 days later;Misery;Mr. Bean;My girl;The Shining;When Harry met Sally,arousal,midpoint_as_high,15,15,3,12,True,31,31,16,15,True
2,sensitivity,3x3,R02_S2_V2,2,2,P004;P007;P010;P011;P014;P024;P025;P026,Dangerous Minds;Life is beautiful;The Champ;The Exorcist;The Visitors,valence,discard_midpoint,11,9,8,1,True,39,32,18,14,True
2,sensitivity,3x3,R02_S2_V2,2,2,P004;P007;P010;P011;P014;P024;P025;P026,Dangerous Minds;Life is beautiful;The Champ;The Exorcist;The Visitors,valence,midpoint_as_low,11,11,10,1,True,39,39,25,14,True
2,sensitivity,3x3,R02_S2_V2,2,2,P004;P007;P010;P011;P014;P024;P025;P026,Dangerous Minds;Life is beautiful;The Champ;The Exorcist;The Visitors,valence,midpoint_as_high,11,11,8,3,True,39,39,18,21,True
2,sensitivity,3x3,R02_S2_V2,2,2,P004;P007;P010;P011;P014;P024;P025;P026,Dangerous Minds;Life is beautiful;The Champ;The Exorcist;The Visitors,arousal,discard_midpoint,11,8,5,3,True,39,32,14,18,True
2,sensitivity,3x3,R02_S2_V2,2,2,P004;P007;P010;P011;P014;P024;P025;P026,Dangerous Minds;Life is beautiful;The Champ;The Exorcist;The Visitors,arousal,midpoint_as_low,11,11,8,3,True,39,39,21,18,True
2,sensitivity,3x3,R02_S2_V2,2,2,P004;P007;P010;P011;P014;P024;P025;P026,Dangerous Minds;Life is beautiful;The Champ;The Exorcist;The Visitors,arousal,midpoint_as_high,11,11,5,6,True,39,39,14,25,True
2,sensitivity,3x3,R02_S2_V3,2,3,P004;P007;P010;P011;P014;P024;P025;P026,Fish called Wanda;Scream;The Shining 2;There is something about Mary;There is something about Mary 2,valence,discard_midpoint,4,3,2,1,True,50,39,28,11,True
2,sensitivity,3x3,R02_S2_V3,2,3,P004;P007;P010;P011;P014;P024;P025;P026,Fish called Wanda;Scream;The Shining 2;There is something about Mary;There is something about Mary 2,valence,midpoint_as_low,4,4,3,1,True,50,50,39,11,True
2,sensitivity,3x3,R02_S2_V3,2,3,P004;P007;P010;P011;P014;P024;P025;P026,Fish called Wanda;Scream;The Shining 2;There is something about Mary;There is something about Mary 2,valence,midpoint_as_high,4,4,2,2,True,50,50,28,22,True
2,sensitivity,3x3,R02_S2_V3,2,3,P004;P007;P010;P011;P014;P024;P025;P026,Fish called Wanda;Scream;The Shining 2;There is something about Mary;There is something about Mary 2,arousal,discard_midpoint,4,2,0,2,False,50,42,20,22,True
2,sensitivity,3x3,R02_S2_V3,2,3,P004;P007;P010;P011;P014;P024;P025;P026,Fish called Wanda;Scream;The Shining 2;There is something about Mary;There is something about Mary 2,arousal,midpoint_as_low,4,4,2,2,True,50,50,28,22,True
2,sensitivity,3x3,R02_S2_V3,2,3,P004;P007;P010;P011;P014;P024;P025;P026,Fish called Wanda;Scream;The Shining 2;There is something about Mary;There is something about Mary 2,arousal,midpoint_as_high,4,4,0,4,False,50,50,20,30,True
2,sensitivity,3x3,R02_S3_V1,3,1,P002;P006;P009;P013;P018;P022;P023;P027,28 days later;Misery;Mr. Bean;My girl;The Shining;When Harry met Sally,valence,discard_midpoint,18,15,9,6,True,34,27,21,6,True
2,sensitivity,3x3,R02_S3_V1,3,1,P002;P006;P009;P013;P018;P022;P023;P027,28 days later;Misery;Mr. Bean;My girl;The Shining;When Harry met Sally,valence,midpoint_as_low,18,18,12,6,True,34,34,28,6,True
2,sensitivity,3x3,R02_S3_V1,3,1,P002;P006;P009;P013;P018;P022;P023;P027,28 days later;Misery;Mr. Bean;My girl;The Shining;When Harry met Sally,valence,midpoint_as_high,18,18,9,9,True,34,34,21,13,True
2,sensitivity,3x3,R02_S3_V1,3,1,P002;P006;P009;P013;P018;P022;P023;P027,28 days later;Misery;Mr. Bean;My girl;The Shining;When Harry met Sally,arousal,discard_midpoint,18,15,5,10,True,34,25,18,7,True
2,sensitivity,3x3,R02_S3_V1,3,1,P002;P006;P009;P013;P018;P022;P023;P027,28 days later;Misery;Mr. Bean;My girl;The Shining;When Harry met Sally,arousal,midpoint_as_low,18,18,8,10,True,34,34,27,7,True
2,sensitivity,3x3,R02_S3_V1,3,1,P002;P006;P009;P013;P018;P022;P023;P027,28 days later;Misery;Mr. Bean;My girl;The Shining;When Harry met Sally,arousal,midpoint_as_high,18,18,5,13,True,34,34,18,16,True
2,sensitivity,3x3,R02_S3_V2,3,2,P002;P006;P009;P013;P018;P022;P023;P027,Dangerous Minds;Life is beautiful;The Champ;The Exorcist;The Visitors,valence,discard_midpoint,8,6,6,0,False,36,31,21,10,True
2,sensitivity,3x3,R02_S3_V2,3,2,P002;P006;P009;P013;P018;P022;P023;P027,Dangerous Minds;Life is beautiful;The Champ;The Exorcist;The Visitors,valence,midpoint_as_low,8,8,8,0,False,36,36,26,10,True
2,sensitivity,3x3,R02_S3_V2,3,2,P002;P006;P009;P013;P018;P022;P023;P027,Dangerous Minds;Life is beautiful;The Champ;The Exorcist;The Visitors,valence,midpoint_as_high,8,8,6,2,True,36,36,21,15,True
2,sensitivity,3x3,R02_S3_V2,3,2,P002;P006;P009;P013;P018;P022;P023;P027,Dangerous Minds;Life is beautiful;The Champ;The Exorcist;The Visitors,arousal,discard_midpoint,8,6,2,4,True,36,28,11,17,True
2,sensitivity,3x3,R02_S3_V2,3,2,P002;P006;P009;P013;P018;P022;P023;P027,Dangerous Minds;Life is beautiful;The Champ;The Exorcist;The Visitors,arousal,midpoint_as_low,8,8,4,4,True,36,36,19,17,True
2,sensitivity,3x3,R02_S3_V2,3,2,P002;P006;P009;P013;P018;P022;P023;P027,Dangerous Minds;Life is beautiful;The Champ;The Exorcist;The Visitors,arousal,midpoint_as_high,8,8,2,6,True,36,36,11,25,True
2,sensitivity,3x3,R02_S3_V3,3,3,P002;P006;P009;P013;P018;P022;P023;P027,Fish called Wanda;Scream;The Shining 2;There is something about Mary;There is something about Mary 2,valence,discard_midpoint,4,4,1,3,True,50,42,32,10,True
2,sensitivity,3x3,R02_S3_V3,3,3,P002;P006;P009;P013;P018;P022;P023;P027,Fish called Wanda;Scream;The Shining 2;There is something about Mary;There is something about Mary 2,valence,midpoint_as_low,4,4,1,3,True,50,50,40,10,True
2,sensitivity,3x3,R02_S3_V3,3,3,P002;P006;P009;P013;P018;P022;P023;P027,Fish called Wanda;Scream;The Shining 2;There is something about Mary;There is something about Mary 2,valence,midpoint_as_high,4,4,1,3,True,50,50,32,18,True
2,sensitivity,3x3,R02_S3_V3,3,3,P002;P006;P009;P013;P018;P022;P023;P027,Fish called Wanda;Scream;The Shining 2;There is something about Mary;There is something about Mary 2,arousal,discard_midpoint,4,3,1,2,True,50,41,21,20,True
2,sensitivity,3x3,R02_S3_V3,3,3,P002;P006;P009;P013;P018;P022;P023;P027,Fish called Wanda;Scream;The Shining 2;There is something about Mary;There is something about Mary 2,arousal,midpoint_as_low,4,4,2,2,True,50,50,30,20,True
2,sensitivity,3x3,R02_S3_V3,3,3,P002;P006;P009;P013;P018;P022;P023;P027,Fish called Wanda;Scream;The Shining 2;There is something about Mary;There is something about Mary 2,arousal,midpoint_as_high,4,4,1,3,True,50,50,21,29,True
3,sensitivity,3x3,R03_S1_V1,1,1,P002;P004;P008;P009;P013;P017;P021;P022,Dangerous Minds;Life is beautiful;Mr. Bean;My girl;The Shining;When Harry met Sally,valence,discard_midpoint,19,15,9,6,True,39,32,25,7,True
3,sensitivity,3x3,R03_S1_V1,1,1,P002;P004;P008;P009;P013;P017;P021;P022,Dangerous Minds;Life is beautiful;Mr. Bean;My girl;The Shining;When Harry met Sally,valence,midpoint_as_low,19,19,13,6,True,39,39,32,7,True
3,sensitivity,3x3,R03_S1_V1,1,1,P002;P004;P008;P009;P013;P017;P021;P022,Dangerous Minds;Life is beautiful;Mr. Bean;My girl;The Shining;When Harry met Sally,valence,midpoint_as_high,19,19,9,10,True,39,39,25,14,True
3,sensitivity,3x3,R03_S1_V1,1,1,P002;P004;P008;P009;P013;P017;P021;P022,Dangerous Minds;Life is beautiful;Mr. Bean;My girl;The Shining;When Harry met Sally,arousal,discard_midpoint,19,15,6,9,True,39,27,10,17,True
3,sensitivity,3x3,R03_S1_V1,1,1,P002;P004;P008;P009;P013;P017;P021;P022,Dangerous Minds;Life is beautiful;Mr. Bean;My girl;The Shining;When Harry met Sally,arousal,midpoint_as_low,19,19,10,9,True,39,39,22,17,True
3,sensitivity,3x3,R03_S1_V1,1,1,P002;P004;P008;P009;P013;P017;P021;P022,Dangerous Minds;Life is beautiful;Mr. Bean;My girl;The Shining;When Harry met Sally,arousal,midpoint_as_high,19,19,6,13,True,39,39,10,29,True
3,sensitivity,3x3,R03_S1_V2,1,2,P002;P004;P008;P009;P013;P017;P021;P022,28 days later;Misery;The Champ;The Visitors;There is something about Mary,valence,discard_midpoint,9,7,4,3,True,23,20,14,6,True
3,sensitivity,3x3,R03_S1_V2,1,2,P002;P004;P008;P009;P013;P017;P021;P022,28 days later;Misery;The Champ;The Visitors;There is something about Mary,valence,midpoint_as_low,9,9,6,3,True,23,23,17,6,True
3,sensitivity,3x3,R03_S1_V2,1,2,P002;P004;P008;P009;P013;P017;P021;P022,28 days later;Misery;The Champ;The Visitors;There is something about Mary,valence,midpoint_as_high,9,9,4,5,True,23,23,14,9,True
3,sensitivity,3x3,R03_S1_V2,1,2,P002;P004;P008;P009;P013;P017;P021;P022,28 days later;Misery;The Champ;The Visitors;There is something about Mary,arousal,discard_midpoint,9,8,2,6,True,23,20,13,7,True
3,sensitivity,3x3,R03_S1_V2,1,2,P002;P004;P008;P009;P013;P017;P021;P022,28 days later;Misery;The Champ;The Visitors;There is something about Mary,arousal,midpoint_as_low,9,9,3,6,True,23,23,16,7,True
3,sensitivity,3x3,R03_S1_V2,1,2,P002;P004;P008;P009;P013;P017;P021;P022,28 days later;Misery;The Champ;The Visitors;There is something about Mary,arousal,midpoint_as_high,9,9,2,7,True,23,23,13,10,True
3,sensitivity,3x3,R03_S1_V3,1,3,P002;P004;P008;P009;P013;P017;P021;P022,Fish called Wanda;Scream;The Exorcist;The Shining 2;There is something about Mary 2,valence,discard_midpoint,5,5,4,1,True,52,44,33,11,True
3,sensitivity,3x3,R03_S1_V3,1,3,P002;P004;P008;P009;P013;P017;P021;P022,Fish called Wanda;Scream;The Exorcist;The Shining 2;There is something about Mary 2,valence,midpoint_as_low,5,5,4,1,True,52,52,41,11,True
3,sensitivity,3x3,R03_S1_V3,1,3,P002;P004;P008;P009;P013;P017;P021;P022,Fish called Wanda;Scream;The Exorcist;The Shining 2;There is something about Mary 2,valence,midpoint_as_high,5,5,4,1,True,52,52,33,19,True
3,sensitivity,3x3,R03_S1_V3,1,3,P002;P004;P008;P009;P013;P017;P021;P022,Fish called Wanda;Scream;The Exorcist;The Shining 2;There is something about Mary 2,arousal,discard_midpoint,5,4,3,1,True,52,41,21,20,True
3,sensitivity,3x3,R03_S1_V3,1,3,P002;P004;P008;P009;P013;P017;P021;P022,Fish called Wanda;Scream;The Exorcist;The Shining 2;There is something about Mary 2,arousal,midpoint_as_low,5,5,4,1,True,52,52,32,20,True
3,sensitivity,3x3,R03_S1_V3,1,3,P002;P004;P008;P009;P013;P017;P021;P022,Fish called Wanda;Scream;The Exorcist;The Shining 2;There is something about Mary 2,arousal,midpoint_as_high,5,5,3,2,True,52,52,21,31,True
3,sensitivity,3x3,R03_S2_V1,2,1,P003;P005;P014;P016;P018;P023;P027;P028,Dangerous Minds;Life is beautiful;Mr. Bean;My girl;The Shining;When Harry met Sally,valence,discard_midpoint,6,5,3,2,True,35,31,22,9,True
3,sensitivity,3x3,R03_S2_V1,2,1,P003;P005;P014;P016;P018;P023;P027;P028,Dangerous Minds;Life is beautiful;Mr. Bean;My girl;The Shining;When Harry met Sally,valence,midpoint_as_low,6,6,4,2,True,35,35,26,9,True
3,sensitivity,3x3,R03_S2_V1,2,1,P003;P005;P014;P016;P018;P023;P027;P028,Dangerous Minds;Life is beautiful;Mr. Bean;My girl;The Shining;When Harry met Sally,valence,midpoint_as_high,6,6,3,3,True,35,35,22,13,True
3,sensitivity,3x3,R03_S2_V1,2,1,P003;P005;P014;P016;P018;P023;P027;P028,Dangerous Minds;Life is beautiful;Mr. Bean;My girl;The Shining;When Harry met Sally,arousal,discard_midpoint,6,6,4,2,True,35,26,8,18,True
3,sensitivity,3x3,R03_S2_V1,2,1,P003;P005;P014;P016;P018;P023;P027;P028,Dangerous Minds;Life is beautiful;Mr. Bean;My girl;The Shining;When Harry met Sally,arousal,midpoint_as_low,6,6,4,2,True,35,35,17,18,True
3,sensitivity,3x3,R03_S2_V1,2,1,P003;P005;P014;P016;P018;P023;P027;P028,Dangerous Minds;Life is beautiful;Mr. Bean;My girl;The Shining;When Harry met Sally,arousal,midpoint_as_high,6,6,4,2,True,35,35,8,27,True
3,sensitivity,3x3,R03_S2_V2,2,2,P003;P005;P014;P016;P018;P023;P027;P028,28 days later;Misery;The Champ;The Visitors;There is something about Mary,valence,discard_midpoint,17,12,10,2,True,40,34,23,11,True
3,sensitivity,3x3,R03_S2_V2,2,2,P003;P005;P014;P016;P018;P023;P027;P028,28 days later;Misery;The Champ;The Visitors;There is something about Mary,valence,midpoint_as_low,17,17,15,2,True,40,40,29,11,True
3,sensitivity,3x3,R03_S2_V2,2,2,P003;P005;P014;P016;P018;P023;P027;P028,28 days later;Misery;The Champ;The Visitors;There is something about Mary,valence,midpoint_as_high,17,17,10,7,True,40,40,23,17,True
3,sensitivity,3x3,R03_S2_V2,2,2,P003;P005;P014;P016;P018;P023;P027;P028,28 days later;Misery;The Champ;The Visitors;There is something about Mary,arousal,discard_midpoint,17,12,7,5,True,40,32,18,14,True
3,sensitivity,3x3,R03_S2_V2,2,2,P003;P005;P014;P016;P018;P023;P027;P028,28 days later;Misery;The Champ;The Visitors;There is something about Mary,arousal,midpoint_as_low,17,17,12,5,True,40,40,26,14,True
3,sensitivity,3x3,R03_S2_V2,2,2,P003;P005;P014;P016;P018;P023;P027;P028,28 days later;Misery;The Champ;The Visitors;There is something about Mary,arousal,midpoint_as_high,17,17,7,10,True,40,40,18,22,True
3,sensitivity,3x3,R03_S2_V3,2,3,P003;P005;P014;P016;P018;P023;P027;P028,Fish called Wanda;Scream;The Exorcist;The Shining 2;There is something about Mary 2,valence,discard_midpoint,1,1,1,0,False,57,49,33,16,True
3,sensitivity,3x3,R03_S2_V3,2,3,P003;P005;P014;P016;P018;P023;P027;P028,Fish called Wanda;Scream;The Exorcist;The Shining 2;There is something about Mary 2,valence,midpoint_as_low,1,1,1,0,False,57,57,41,16,True
3,sensitivity,3x3,R03_S2_V3,2,3,P003;P005;P014;P016;P018;P023;P027;P028,Fish called Wanda;Scream;The Exorcist;The Shining 2;There is something about Mary 2,valence,midpoint_as_high,1,1,1,0,False,57,57,33,24,True
3,sensitivity,3x3,R03_S2_V3,2,3,P003;P005;P014;P016;P018;P023;P027;P028,Fish called Wanda;Scream;The Exorcist;The Shining 2;There is something about Mary 2,arousal,discard_midpoint,1,1,0,1,False,57,46,18,28,True
3,sensitivity,3x3,R03_S2_V3,2,3,P003;P005;P014;P016;P018;P023;P027;P028,Fish called Wanda;Scream;The Exorcist;The Shining 2;There is something about Mary 2,arousal,midpoint_as_low,1,1,0,1,False,57,57,29,28,True
3,sensitivity,3x3,R03_S2_V3,2,3,P003;P005;P014;P016;P018;P023;P027;P028,Fish called Wanda;Scream;The Exorcist;The Shining 2;There is something about Mary 2,arousal,midpoint_as_high,1,1,0,1,False,57,57,18,39,True
3,sensitivity,3x3,R03_S3_V1,3,1,P001;P006;P007;P010;P011;P024;P025;P026,Dangerous Minds;Life is beautiful;Mr. Bean;My girl;The Shining;When Harry met Sally,valence,discard_midpoint,12,11,8,3,True,32,25,19,6,True
3,sensitivity,3x3,R03_S3_V1,3,1,P001;P006;P007;P010;P011;P024;P025;P026,Dangerous Minds;Life is beautiful;Mr. Bean;My girl;The Shining;When Harry met Sally,valence,midpoint_as_low,12,12,9,3,True,32,32,26,6,True
3,sensitivity,3x3,R03_S3_V1,3,1,P001;P006;P007;P010;P011;P024;P025;P026,Dangerous Minds;Life is beautiful;Mr. Bean;My girl;The Shining;When Harry met Sally,valence,midpoint_as_high,12,12,8,4,True,32,32,19,13,True
3,sensitivity,3x3,R03_S3_V1,3,1,P001;P006;P007;P010;P011;P024;P025;P026,Dangerous Minds;Life is beautiful;Mr. Bean;My girl;The Shining;When Harry met Sally,arousal,discard_midpoint,12,11,8,3,True,32,25,12,13,True
3,sensitivity,3x3,R03_S3_V1,3,1,P001;P006;P007;P010;P011;P024;P025;P026,Dangerous Minds;Life is beautiful;Mr. Bean;My girl;The Shining;When Harry met Sally,arousal,midpoint_as_low,12,12,9,3,True,32,32,19,13,True
3,sensitivity,3x3,R03_S3_V1,3,1,P001;P006;P007;P010;P011;P024;P025;P026,Dangerous Minds;Life is beautiful;Mr. Bean;My girl;The Shining;When Harry met Sally,arousal,midpoint_as_high,12,12,8,4,True,32,32,12,20,True
3,sensitivity,3x3,R03_S3_V2,3,2,P001;P006;P007;P010;P011;P024;P025;P026,28 days later;Misery;The Champ;The Visitors;There is something about Mary,valence,discard_midpoint,17,16,12,4,True,31,26,17,9,True
3,sensitivity,3x3,R03_S3_V2,3,2,P001;P006;P007;P010;P011;P024;P025;P026,28 days later;Misery;The Champ;The Visitors;There is something about Mary,valence,midpoint_as_low,17,17,13,4,True,31,31,22,9,True
3,sensitivity,3x3,R03_S3_V2,3,2,P001;P006;P007;P010;P011;P024;P025;P026,28 days later;Misery;The Champ;The Visitors;There is something about Mary,valence,midpoint_as_high,17,17,12,5,True,31,31,17,14,True
3,sensitivity,3x3,R03_S3_V2,3,2,P001;P006;P007;P010;P011;P024;P025;P026,28 days later;Misery;The Champ;The Visitors;There is something about Mary,arousal,discard_midpoint,17,12,2,10,True,31,26,13,13,True
3,sensitivity,3x3,R03_S3_V2,3,2,P001;P006;P007;P010;P011;P024;P025;P026,28 days later;Misery;The Champ;The Visitors;There is something about Mary,arousal,midpoint_as_low,17,17,7,10,True,31,31,18,13,True
3,sensitivity,3x3,R03_S3_V2,3,2,P001;P006;P007;P010;P011;P024;P025;P026,28 days later;Misery;The Champ;The Visitors;There is something about Mary,arousal,midpoint_as_high,17,17,2,15,True,31,31,13,18,True
3,sensitivity,3x3,R03_S3_V3,3,3,P001;P006;P007;P010;P011;P024;P025;P026,Fish called Wanda;Scream;The Exorcist;The Shining 2;There is something about Mary 2,valence,discard_midpoint,4,3,2,1,True,51,39,26,13,True
3,sensitivity,3x3,R03_S3_V3,3,3,P001;P006;P007;P010;P011;P024;P025;P026,Fish called Wanda;Scream;The Exorcist;The Shining 2;There is something about Mary 2,valence,midpoint_as_low,4,4,3,1,True,51,51,38,13,True
3,sensitivity,3x3,R03_S3_V3,3,3,P001;P006;P007;P010;P011;P024;P025;P026,Fish called Wanda;Scream;The Exorcist;The Shining 2;There is something about Mary 2,valence,midpoint_as_high,4,4,2,2,True,51,51,26,25,True
3,sensitivity,3x3,R03_S3_V3,3,3,P001;P006;P007;P010;P011;P024;P025;P026,Fish called Wanda;Scream;The Exorcist;The Shining 2;There is something about Mary 2,arousal,discard_midpoint,4,2,1,1,True,51,41,19,22,True
3,sensitivity,3x3,R03_S3_V3,3,3,P001;P006;P007;P010;P011;P024;P025;P026,Fish called Wanda;Scream;The Exorcist;The Shining 2;There is something about Mary 2,arousal,midpoint_as_low,4,4,3,1,True,51,51,29,22,True
3,sensitivity,3x3,R03_S3_V3,3,3,P001;P006;P007;P010;P011;P024;P025;P026,Fish called Wanda;Scream;The Exorcist;The Shining 2;There is something about Mary 2,arousal,midpoint_as_high,4,4,1,3,True,51,51,19,32,True
4,sensitivity,3x3,R04_S1_V1,1,1,P010;P011;P016;P018;P021;P024;P026;P027,Dangerous Minds;Life is beautiful;Scream;The Exorcist;There is something about Mary 2;When Harry met Sally,valence,discard_midpoint,6,5,5,0,False,46,37,24,13,True
4,sensitivity,3x3,R04_S1_V1,1,1,P010;P011;P016;P018;P021;P024;P026;P027,Dangerous Minds;Life is beautiful;Scream;The Exorcist;There is something about Mary 2;When Harry met Sally,valence,midpoint_as_low,6,6,6,0,False,46,46,33,13,True
4,sensitivity,3x3,R04_S1_V1,1,1,P010;P011;P016;P018;P021;P024;P026;P027,Dangerous Minds;Life is beautiful;Scream;The Exorcist;There is something about Mary 2;When Harry met Sally,valence,midpoint_as_high,6,6,5,1,True,46,46,24,22,True
4,sensitivity,3x3,R04_S1_V1,1,1,P010;P011;P016;P018;P021;P024;P026;P027,Dangerous Minds;Life is beautiful;Scream;The Exorcist;There is something about Mary 2;When Harry met Sally,arousal,discard_midpoint,6,6,4,2,True,46,35,17,18,True
4,sensitivity,3x3,R04_S1_V1,1,1,P010;P011;P016;P018;P021;P024;P026;P027,Dangerous Minds;Life is beautiful;Scream;The Exorcist;There is something about Mary 2;When Harry met Sally,arousal,midpoint_as_low,6,6,4,2,True,46,46,28,18,True
4,sensitivity,3x3,R04_S1_V1,1,1,P010;P011;P016;P018;P021;P024;P026;P027,Dangerous Minds;Life is beautiful;Scream;The Exorcist;There is something about Mary 2;When Harry met Sally,arousal,midpoint_as_high,6,6,4,2,True,46,46,17,29,True
4,sensitivity,3x3,R04_S1_V2,1,2,P010;P011;P016;P018;P021;P024;P026;P027,Misery;Mr. Bean;The Champ;The Shining;The Visitors,valence,discard_midpoint,16,14,11,3,True,36,29,19,10,True
4,sensitivity,3x3,R04_S1_V2,1,2,P010;P011;P016;P018;P021;P024;P026;P027,Misery;Mr. Bean;The Champ;The Shining;The Visitors,valence,midpoint_as_low,16,16,13,3,True,36,36,26,10,True
4,sensitivity,3x3,R04_S1_V2,1,2,P010;P011;P016;P018;P021;P024;P026;P027,Misery;Mr. Bean;The Champ;The Shining;The Visitors,valence,midpoint_as_high,16,16,11,5,True,36,36,19,17,True
4,sensitivity,3x3,R04_S1_V2,1,2,P010;P011;P016;P018;P021;P024;P026;P027,Misery;Mr. Bean;The Champ;The Shining;The Visitors,arousal,discard_midpoint,16,11,2,9,True,36,28,15,13,True
4,sensitivity,3x3,R04_S1_V2,1,2,P010;P011;P016;P018;P021;P024;P026;P027,Misery;Mr. Bean;The Champ;The Shining;The Visitors,arousal,midpoint_as_low,16,16,7,9,True,36,36,23,13,True
4,sensitivity,3x3,R04_S1_V2,1,2,P010;P011;P016;P018;P021;P024;P026;P027,Misery;Mr. Bean;The Champ;The Shining;The Visitors,arousal,midpoint_as_high,16,16,2,14,True,36,36,15,21,True
4,sensitivity,3x3,R04_S1_V3,1,3,P010;P011;P016;P018;P021;P024;P026;P027,28 days later;Fish called Wanda;My girl;The Shining 2;There is something about Mary,valence,discard_midpoint,5,5,4,1,True,44,36,23,13,True
4,sensitivity,3x3,R04_S1_V3,1,3,P010;P011;P016;P018;P021;P024;P026;P027,28 days later;Fish called Wanda;My girl;The Shining 2;There is something about Mary,valence,midpoint_as_low,5,5,4,1,True,44,44,31,13,True
4,sensitivity,3x3,R04_S1_V3,1,3,P010;P011;P016;P018;P021;P024;P026;P027,28 days later;Fish called Wanda;My girl;The Shining 2;There is something about Mary,valence,midpoint_as_high,5,5,4,1,True,44,44,23,21,True
4,sensitivity,3x3,R04_S1_V3,1,3,P010;P011;P016;P018;P021;P024;P026;P027,28 days later;Fish called Wanda;My girl;The Shining 2;There is something about Mary,arousal,discard_midpoint,5,5,2,3,True,44,35,18,17,True
4,sensitivity,3x3,R04_S1_V3,1,3,P010;P011;P016;P018;P021;P024;P026;P027,28 days later;Fish called Wanda;My girl;The Shining 2;There is something about Mary,arousal,midpoint_as_low,5,5,2,3,True,44,44,27,17,True
4,sensitivity,3x3,R04_S1_V3,1,3,P010;P011;P016;P018;P021;P024;P026;P027,28 days later;Fish called Wanda;My girl;The Shining 2;There is something about Mary,arousal,midpoint_as_high,5,5,2,3,True,44,44,18,26,True
4,sensitivity,3x3,R04_S2_V1,2,1,P001;P004;P006;P007;P008;P009;P023;P028,Dangerous Minds;Life is beautiful;Scream;The Exorcist;There is something about Mary 2;When Harry met Sally,valence,discard_midpoint,9,8,5,3,True,43,34,24,10,True
4,sensitivity,3x3,R04_S2_V1,2,1,P001;P004;P006;P007;P008;P009;P023;P028,Dangerous Minds;Life is beautiful;Scream;The Exorcist;There is something about Mary 2;When Harry met Sally,valence,midpoint_as_low,9,9,6,3,True,43,43,33,10,True
4,sensitivity,3x3,R04_S2_V1,2,1,P001;P004;P006;P007;P008;P009;P023;P028,Dangerous Minds;Life is beautiful;Scream;The Exorcist;There is something about Mary 2;When Harry met Sally,valence,midpoint_as_high,9,9,5,4,True,43,43,24,19,True
4,sensitivity,3x3,R04_S2_V1,2,1,P001;P004;P006;P007;P008;P009;P023;P028,Dangerous Minds;Life is beautiful;Scream;The Exorcist;There is something about Mary 2;When Harry met Sally,arousal,discard_midpoint,9,6,4,2,True,43,32,11,21,True
4,sensitivity,3x3,R04_S2_V1,2,1,P001;P004;P006;P007;P008;P009;P023;P028,Dangerous Minds;Life is beautiful;Scream;The Exorcist;There is something about Mary 2;When Harry met Sally,arousal,midpoint_as_low,9,9,7,2,True,43,43,22,21,True
4,sensitivity,3x3,R04_S2_V1,2,1,P001;P004;P006;P007;P008;P009;P023;P028,Dangerous Minds;Life is beautiful;Scream;The Exorcist;There is something about Mary 2;When Harry met Sally,arousal,midpoint_as_high,9,9,4,5,True,43,43,11,32,True
4,sensitivity,3x3,R04_S2_V2,2,2,P001;P004;P006;P007;P008;P009;P023;P028,Misery;Mr. Bean;The Champ;The Shining;The Visitors,valence,discard_midpoint,16,15,10,5,True,30,24,18,6,True
4,sensitivity,3x3,R04_S2_V2,2,2,P001;P004;P006;P007;P008;P009;P023;P028,Misery;Mr. Bean;The Champ;The Shining;The Visitors,valence,midpoint_as_low,16,16,11,5,True,30,30,24,6,True
4,sensitivity,3x3,R04_S2_V2,2,2,P001;P004;P006;P007;P008;P009;P023;P028,Misery;Mr. Bean;The Champ;The Shining;The Visitors,valence,midpoint_as_high,16,16,10,6,True,30,30,18,12,True
4,sensitivity,3x3,R04_S2_V2,2,2,P001;P004;P006;P007;P008;P009;P023;P028,Misery;Mr. Bean;The Champ;The Shining;The Visitors,arousal,discard_midpoint,16,12,7,5,True,30,26,14,12,True
4,sensitivity,3x3,R04_S2_V2,2,2,P001;P004;P006;P007;P008;P009;P023;P028,Misery;Mr. Bean;The Champ;The Shining;The Visitors,arousal,midpoint_as_low,16,16,11,5,True,30,30,18,12,True
4,sensitivity,3x3,R04_S2_V2,2,2,P001;P004;P006;P007;P008;P009;P023;P028,Misery;Mr. Bean;The Champ;The Shining;The Visitors,arousal,midpoint_as_high,16,16,7,9,True,30,30,14,16,True
4,sensitivity,3x3,R04_S2_V3,2,3,P001;P004;P006;P007;P008;P009;P023;P028,28 days later;Fish called Wanda;My girl;The Shining 2;There is something about Mary,valence,discard_midpoint,8,7,5,2,True,41,32,24,8,True
4,sensitivity,3x3,R04_S2_V3,2,3,P001;P004;P006;P007;P008;P009;P023;P028,28 days later;Fish called Wanda;My girl;The Shining 2;There is something about Mary,valence,midpoint_as_low,8,8,6,2,True,41,41,33,8,True
4,sensitivity,3x3,R04_S2_V3,2,3,P001;P004;P006;P007;P008;P009;P023;P028,28 days later;Fish called Wanda;My girl;The Shining 2;There is something about Mary,valence,midpoint_as_high,8,8,5,3,True,41,41,24,17,True
4,sensitivity,3x3,R04_S2_V3,2,3,P001;P004;P006;P007;P008;P009;P023;P028,28 days later;Fish called Wanda;My girl;The Shining 2;There is something about Mary,arousal,discard_midpoint,8,7,3,4,True,41,34,13,21,True
4,sensitivity,3x3,R04_S2_V3,2,3,P001;P004;P006;P007;P008;P009;P023;P028,28 days later;Fish called Wanda;My girl;The Shining 2;There is something about Mary,arousal,midpoint_as_low,8,8,4,4,True,41,41,20,21,True
4,sensitivity,3x3,R04_S2_V3,2,3,P001;P004;P006;P007;P008;P009;P023;P028,28 days later;Fish called Wanda;My girl;The Shining 2;There is something about Mary,arousal,midpoint_as_high,8,8,3,5,True,41,41,13,28,True
4,sensitivity,3x3,R04_S3_V1,3,1,P002;P003;P005;P013;P014;P017;P022;P025,Dangerous Minds;Life is beautiful;Scream;The Exorcist;There is something about Mary 2;When Harry met Sally,valence,discard_midpoint,8,6,4,2,True,45,41,30,11,True
4,sensitivity,3x3,R04_S3_V1,3,1,P002;P003;P005;P013;P014;P017;P022;P025,Dangerous Minds;Life is beautiful;Scream;The Exorcist;There is something about Mary 2;When Harry met Sally,valence,midpoint_as_low,8,8,6,2,True,45,45,34,11,True
4,sensitivity,3x3,R04_S3_V1,3,1,P002;P003;P005;P013;P014;P017;P022;P025,Dangerous Minds;Life is beautiful;Scream;The Exorcist;There is something about Mary 2;When Harry met Sally,valence,midpoint_as_high,8,8,4,4,True,45,45,30,15,True
4,sensitivity,3x3,R04_S3_V1,3,1,P002;P003;P005;P013;P014;P017;P022;P025,Dangerous Minds;Life is beautiful;Scream;The Exorcist;There is something about Mary 2;When Harry met Sally,arousal,discard_midpoint,8,8,4,4,True,45,35,14,21,True
4,sensitivity,3x3,R04_S3_V1,3,1,P002;P003;P005;P013;P014;P017;P022;P025,Dangerous Minds;Life is beautiful;Scream;The Exorcist;There is something about Mary 2;When Harry met Sally,arousal,midpoint_as_low,8,8,4,4,True,45,45,24,21,True
4,sensitivity,3x3,R04_S3_V1,3,1,P002;P003;P005;P013;P014;P017;P022;P025,Dangerous Minds;Life is beautiful;Scream;The Exorcist;There is something about Mary 2;When Harry met Sally,arousal,midpoint_as_high,8,8,4,4,True,45,45,14,31,True
4,sensitivity,3x3,R04_S3_V2,3,2,P002;P003;P005;P013;P014;P017;P022;P025,Misery;Mr. Bean;The Champ;The Shining;The Visitors,valence,discard_midpoint,11,7,4,3,True,28,25,19,6,True
4,sensitivity,3x3,R04_S3_V2,3,2,P002;P003;P005;P013;P014;P017;P022;P025,Misery;Mr. Bean;The Champ;The Shining;The Visitors,valence,midpoint_as_low,11,11,8,3,True,28,28,22,6,True
4,sensitivity,3x3,R04_S3_V2,3,2,P002;P003;P005;P013;P014;P017;P022;P025,Misery;Mr. Bean;The Champ;The Shining;The Visitors,valence,midpoint_as_high,11,11,4,7,True,28,28,19,9,True
4,sensitivity,3x3,R04_S3_V2,3,2,P002;P003;P005;P013;P014;P017;P022;P025,Misery;Mr. Bean;The Champ;The Shining;The Visitors,arousal,discard_midpoint,11,9,3,6,True,28,24,13,11,True
4,sensitivity,3x3,R04_S3_V2,3,2,P002;P003;P005;P013;P014;P017;P022;P025,Misery;Mr. Bean;The Champ;The Shining;The Visitors,arousal,midpoint_as_low,11,11,5,6,True,28,28,17,11,True
4,sensitivity,3x3,R04_S3_V2,3,2,P002;P003;P005;P013;P014;P017;P022;P025,Misery;Mr. Bean;The Champ;The Shining;The Visitors,arousal,midpoint_as_high,11,11,3,8,True,28,28,13,15,True
4,sensitivity,3x3,R04_S3_V3,3,3,P002;P003;P005;P013;P014;P017;P022;P025,28 days later;Fish called Wanda;My girl;The Shining 2;There is something about Mary,valence,discard_midpoint,11,8,5,3,True,47,42,31,11,True
4,sensitivity,3x3,R04_S3_V3,3,3,P002;P003;P005;P013;P014;P017;P022;P025,28 days later;Fish called Wanda;My girl;The Shining 2;There is something about Mary,valence,midpoint_as_low,11,11,8,3,True,47,47,36,11,True
4,sensitivity,3x3,R04_S3_V3,3,3,P002;P003;P005;P013;P014;P017;P022;P025,28 days later;Fish called Wanda;My girl;The Shining 2;There is something about Mary,valence,midpoint_as_high,11,11,5,6,True,47,47,31,16,True
4,sensitivity,3x3,R04_S3_V3,3,3,P002;P003;P005;P013;P014;P017;P022;P025,28 days later;Fish called Wanda;My girl;The Shining 2;There is something about Mary,arousal,discard_midpoint,11,7,4,3,True,47,35,17,18,True
4,sensitivity,3x3,R04_S3_V3,3,3,P002;P003;P005;P013;P014;P017;P022;P025,28 days later;Fish called Wanda;My girl;The Shining 2;There is something about Mary,arousal,midpoint_as_low,11,11,8,3,True,47,47,29,18,True
4,sensitivity,3x3,R04_S3_V3,3,3,P002;P003;P005;P013;P014;P017;P022;P025,28 days later;Fish called Wanda;My girl;The Shining 2;There is something about Mary,arousal,midpoint_as_high,11,11,4,7,True,47,47,17,30,True
