relative_path,filename,extension,size_bytes,category,participant,session,trusted
DEJA-VU/data.xlsx,data.xlsx,.xlsx,114947,spreadsheet,,,True
DEJA-VU/deja_vu_database.db,deja_vu_database.db,.db,233472,sqlite_database,,,True
DEJA-VU/preprocessed/clean_P001_S001.h5,clean_P001_S001.h5,.h5,64989528,preprocessed_hdf5,,,True
DEJA-VU/preprocessed/clean_P001_S002.h5,clean_P001_S002.h5,.h5,55868008,preprocessed_hdf5,,,True
DEJA-VU/preprocessed/clean_P002_S001.h5,clean_P002_S001.h5,.h5,58587192,preprocessed_hdf5,,,True
DEJA-VU/preprocessed/clean_P002_S002.h5,clean_P002_S002.h5,.h5,66601752,preprocessed_hdf5,,,True
DEJA-VU/preprocessed/clean_P003_S001.h5,clean_P003_S001.h5,.h5,63767712,preprocessed_hdf5,,,True
DEJA-VU/preprocessed/clean_P004_S001.h5,clean_P004_S001.h5,.h5,64967096,preprocessed_hdf5,,,True
DEJA-VU/preprocessed/clean_P005_S001.h5,clean_P005_S001.h5,.h5,63011680,preprocessed_hdf5,,,True
DEJA-VU/preprocessed/clean_P006_S001.h5,clean_P006_S001.h5,.h5,63382312,preprocessed_hdf5,,,True
DEJA-VU/preprocessed/clean_P007_S001.h5,clean_P007_S001.h5,.h5,64207712,preprocessed_hdf5,,,True
DEJA-VU/preprocessed/clean_P007_S002.h5,clean_P007_S002.h5,.h5,62753256,preprocessed_hdf5,,,True
DEJA-VU/preprocessed/clean_P008_S001.h5,clean_P008_S001.h5,.h5,65772632,preprocessed_hdf5,,,True
DEJA-VU/preprocessed/clean_P009_S001.h5,clean_P009_S001.h5,.h5,64703824,preprocessed_hdf5,,,True
DEJA-VU/preprocessed/clean_P009_S002.h5,clean_P009_S002.h5,.h5,61607616,preprocessed_hdf5,,,True
DEJA-VU/preprocessed/clean_P010_S001.h5,clean_P010_S001.h5,.h5,62855872,preprocessed_hdf5,,,True
DEJA-VU/preprocessed/clean_P011_S001.h5,clean_P011_S001.h5,.h5,68713552,preprocessed_hdf5,,,True
DEJA-VU/preprocessed/clean_P011_S002.h5,clean_P011_S002.h5,.h5,62384736,preprocessed_hdf5,,,True
DEJA-VU/preprocessed/clean_P012_S001.h5,clean_P012_S001.h5,.h5,62149992,preprocessed_hdf5,,,True
DEJA-VU/preprocessed/clean_P013_S001.h5,clean_P013_S001.h5,.h5,63748056,preprocessed_hdf5,,,True
DEJA-VU/preprocessed/clean_P014_S001.h5,clean_P014_S001.h5,.h5,63823792,preprocessed_hdf5,,,True
DEJA-VU/preprocessed/clean_P015_S001.h5,clean_P015_S001.h5,.h5,60337248,preprocessed_hdf5,,,True
DEJA-VU/preprocessed/clean_P016_S001.h5,clean_P016_S001.h5,.h5,61658496,preprocessed_hdf5,,,True
DEJA-VU/preprocessed/clean_P017_S001.h5,clean_P017_S001.h5,.h5,59104584,preprocessed_hdf5,,,True
DEJA-VU/preprocessed/clean_P017_S002.h5,clean_P017_S002.h5,.h5,63633952,preprocessed_hdf5,,,True
DEJA-VU/preprocessed/clean_P018_S001.h5,clean_P018_S001.h5,.h5,65544584,preprocessed_hdf5,,,True
DEJA-VU/preprocessed/clean_P019_S001.h5,clean_P019_S001.h5,.h5,48199272,preprocessed_hdf5,,,True
DEJA-VU/preprocessed/clean_P020_S001.h5,clean_P020_S001.h5,.h5,65466648,preprocessed_hdf5,,,True
DEJA-VU/preprocessed/clean_P021_S001.h5,clean_P021_S001.h5,.h5,62524160,preprocessed_hdf5,,,True
DEJA-VU/preprocessed/clean_P022_S001.h5,clean_P022_S001.h5,.h5,64338144,preprocessed_hdf5,,,True
DEJA-VU/preprocessed/clean_P023_S001.h5,clean_P023_S001.h5,.h5,64850552,preprocessed_hdf5,,,True
DEJA-VU/preprocessed/clean_P024_S001.h5,clean_P024_S001.h5,.h5,62201664,preprocessed_hdf5,,,True
DEJA-VU/preprocessed/clean_P025_S001.h5,clean_P025_S001.h5,.h5,58683112,preprocessed_hdf5,,,True
DEJA-VU/preprocessed/clean_P026_S001.h5,clean_P026_S001.h5,.h5,59201200,preprocessed_hdf5,,,True
DEJA-VU/preprocessed/clean_P027_S001.h5,clean_P027_S001.h5,.h5,63069224,preprocessed_hdf5,,,True
DEJA-VU/preprocessed/clean_P028_S001.h5,clean_P028_S001.h5,.h5,63322192,preprocessed_hdf5,,,True
DEJA-VU/raw/sub-P001/ses-S001/eeg/sub-P001_ses-S001_task-Default_run-001_eeg.xdf,sub-P001_ses-S001_task-Default_run-001_eeg.xdf,.xdf,60728626,raw_xdf,P001,S001,True
DEJA-VU/raw/sub-P001/ses-S002/eeg/sub-P001_ses-S002_task-Default_run-001_eeg.xdf,sub-P001_ses-S002_task-Default_run-001_eeg.xdf,.xdf,52206300,raw_xdf,P001,S002,True
DEJA-VU/raw/sub-P002/ses-S001/eeg/sub-P002_ses-S001_task-Default_run-001_eeg.xdf,sub-P002_ses-S001_task-Default_run-001_eeg.xdf,.xdf,54746174,raw_xdf,P002,S001,True
DEJA-VU/raw/sub-P002/ses-S002/eeg/sub-P002_ses-S002_task-Default_run-001_eeg.xdf,sub-P002_ses-S002_task-Default_run-001_eeg.xdf,.xdf,62237640,raw_xdf,P002,S002,True
DEJA-VU/raw/sub-P003/ses-S001/eeg/sub-P003_ses-S001_task-Default_run-001_eeg.xdf,sub-P003_ses-S001_task-Default_run-001_eeg.xdf,.xdf,59581907,raw_xdf,P003,S001,True
DEJA-VU/raw/sub-P004/ses-S001/eeg/sub-P004_ses-S001_task-Default_run-001_eeg.xdf,sub-P004_ses-S001_task-Default_run-001_eeg.xdf,.xdf,60705529,raw_xdf,P004,S001,True
DEJA-VU/raw/sub-P005/ses-S001/eeg/sub-P005_ses-S001_task-Default_run-001_eeg.xdf,sub-P005_ses-S001_task-Default_run-001_eeg.xdf,.xdf,58880564,raw_xdf,P005,S001,True
DEJA-VU/raw/sub-P006/ses-S001/eeg/sub-P006_ses-S001_task-Default_run-001_eeg.xdf,sub-P006_ses-S001_task-Default_run-001_eeg.xdf,.xdf,59226602,raw_xdf,P006,S001,True
DEJA-VU/raw/sub-P007/ses-S001/eeg/sub-P007_ses-S001_task-Default_run-001_eeg.xdf,sub-P007_ses-S001_task-Default_run-001_eeg.xdf,.xdf,60001363,raw_xdf,P007,S001,True
DEJA-VU/raw/sub-P007/ses-S002/eeg/sub-P007_ses-S002_task-Default_run-001_eeg.xdf,sub-P007_ses-S002_task-Default_run-001_eeg.xdf,.xdf,58637587,raw_xdf,P007,S002,True
DEJA-VU/raw/sub-P008/ses-S001/eeg/sub-P008_ses-S001_task-Default_run-001_eeg.xdf,sub-P008_ses-S001_task-Default_run-001_eeg.xdf,.xdf,61463676,raw_xdf,P008,S001,True
DEJA-VU/raw/sub-P009/ses-S001/eeg/sub-P009_ses-S001_task-Default_run-001_eeg.xdf,sub-P009_ses-S001_task-Default_run-001_eeg.xdf,.xdf,60464635,raw_xdf,P009,S001,True
DEJA-VU/raw/sub-P009/ses-S002/eeg/sub-P009_ses-S002_task-Default_run-001_eeg.xdf,sub-P009_ses-S002_task-Default_run-001_eeg.xdf,.xdf,57565276,raw_xdf,P009,S002,True
DEJA-VU/raw/sub-P010/ses-S001/eeg/sub-P010_ses-S001_task-Default_run-001_eeg.xdf,sub-P010_ses-S001_task-Default_run-001_eeg.xdf,.xdf,58734797,raw_xdf,P010,S001,True
DEJA-VU/raw/sub-P011/ses-S001/eeg/sub-P011_ses-S001_task-Default_run-001_eeg.xdf,sub-P011_ses-S001_task-Default_run-001_eeg.xdf,.xdf,64208586,raw_xdf,P011,S001,True
DEJA-VU/raw/sub-P011/ses-S002/eeg/sub-P011_ses-S002_task-Default_run-001_eeg.xdf,sub-P011_ses-S002_task-Default_run-001_eeg.xdf,.xdf,58297621,raw_xdf,P011,S002,True
DEJA-VU/raw/sub-P012/ses-S001/eeg/sub-P012_ses-S001_task-Default_run-001_eeg.xdf,sub-P012_ses-S001_task-Default_run-001_eeg.xdf,.xdf,58078183,raw_xdf,P012,S001,True
DEJA-VU/raw/sub-P013/ses-S001/eeg/sub-P013_ses-S001_task-Default_run-001_eeg.xdf,sub-P013_ses-S001_task-Default_run-001_eeg.xdf,.xdf,59569838,raw_xdf,P013,S001,True
DEJA-VU/raw/sub-P014/ses-S001/eeg/sub-P014_ses-S001_task-Default_run-001_eeg.xdf,sub-P014_ses-S001_task-Default_run-001_eeg.xdf,.xdf,59640127,raw_xdf,P014,S001,True
DEJA-VU/raw/sub-P015/ses-S001/eeg/sub-P015_ses-S001_task-Default_run-001_eeg.xdf,sub-P015_ses-S001_task-Default_run-001_eeg.xdf,.xdf,56374848,raw_xdf,P015,S001,True
DEJA-VU/raw/sub-P016/ses-S001/eeg/sub-P016_ses-S001_task-Default_run-001_eeg.xdf,sub-P016_ses-S001_task-Default_run-001_eeg.xdf,.xdf,57614212,raw_xdf,P016,S001,True
DEJA-VU/raw/sub-P017/ses-S001/eeg/sub-P017_ses-S001_task-Default_run-001_eeg.xdf,sub-P017_ses-S001_task-Default_run-001_eeg.xdf,.xdf,55228582,raw_xdf,P017,S001,True
DEJA-VU/raw/sub-P017/ses-S002/eeg/sub-P666_ses-S001_task-Default_run-001_eeg.xdf,sub-P666_ses-S001_task-Default_run-001_eeg.xdf,.xdf,59461759,raw_xdf,P017,S002,True
DEJA-VU/raw/sub-P018/ses-S001/eeg/sub-P018_ses-S001_task-Default_run-001_eeg.xdf,sub-P018_ses-S001_task-Default_run-001_eeg.xdf,.xdf,61245375,raw_xdf,P018,S001,True
DEJA-VU/raw/sub-P019/ses-S001/eeg/sub-P019_ses-S001_task-Default_run-001_eeg.xdf,sub-P019_ses-S001_task-Default_run-001_eeg.xdf,.xdf,43593093,raw_xdf,P019,S001,True
DEJA-VU/raw/sub-P020/ses-S001/eeg/sub-P020_ses-S001_task-Default_run-001_eeg.xdf,sub-P020_ses-S001_task-Default_run-001_eeg.xdf,.xdf,61175975,raw_xdf,P020,S001,True
DEJA-VU/raw/sub-P021/ses-S001/eeg/sub-P021_ses-S001_task-Default_run-001_eeg.xdf,sub-P021_ses-S001_task-Default_run-001_eeg.xdf,.xdf,58425967,raw_xdf,P021,S001,True
DEJA-VU/raw/sub-P022/ses-S001/eeg/sub-P022_ses-S001_task-Default_run-001_eeg.xdf,sub-P022_ses-S001_task-Default_run-001_eeg.xdf,.xdf,60122907,raw_xdf,P022,S001,True
DEJA-VU/raw/sub-P023/ses-S001/eeg/sub-P023_ses-S001_task-Default_run-001_eeg.xdf,sub-P023_ses-S001_task-Default_run-001_eeg.xdf,.xdf,60600032,raw_xdf,P023,S001,True
DEJA-VU/raw/sub-P024/ses-S001/eeg/sub-P024_ses-S001_task-Default_run-001_eeg.xdf,sub-P024_ses-S001_task-Default_run-001_eeg.xdf,.xdf,58125703,raw_xdf,P024,S001,True
DEJA-VU/raw/sub-P025/ses-S001/eeg/sub-P025_ses-S001_task-Default_run-001_eeg.xdf,sub-P025_ses-S001_task-Default_run-001_eeg.xdf,.xdf,54837799,raw_xdf,P025,S001,True
DEJA-VU/raw/sub-P026/ses-S001/eeg/sub-P026_ses-S001_task-Default_run-001_eeg.xdf,sub-P026_ses-S001_task-Default_run-001_eeg.xdf,.xdf,55313025,raw_xdf,P026,S001,True
DEJA-VU/raw/sub-P027/ses-S001/eeg/sub-P027_ses-S001_task-Default_run-001_eeg.xdf,sub-P027_ses-S001_task-Default_run-001_eeg.xdf,.xdf,58935256,raw_xdf,P027,S001,True
DEJA-VU/raw/sub-P028/ses-S001/eeg/sub-P028_ses-S001_task-Default_run-001_eeg.xdf,sub-P028_ses-S001_task-Default_run-001_eeg.xdf,.xdf,59172566,raw_xdf,P028,S001,True
DEJA-VU/segments/sub-P001/S001_neutral_baseline.h5,S001_neutral_baseline.h5,.h5,8040123,segment_file,P001,,True
DEJA-VU/segments/sub-P001/S001_quadrant_A_pos4.h5,S001_quadrant_A_pos4.h5,.h5,5717748,segment_file,P001,,True
DEJA-VU/segments/sub-P001/S001_quadrant_B_pos3.h5,S001_quadrant_B_pos3.h5,.h5,9430742,segment_file,P001,,True
DEJA-VU/segments/sub-P001/S001_quadrant_C_pos2.h5,S001_quadrant_C_pos2.h5,.h5,7921013,segment_file,P001,,True
DEJA-VU/segments/sub-P001/S001_transition_B_to_A_period.h5,S001_transition_B_to_A_period.h5,.h5,5862657,segment_file,P001,,True
DEJA-VU/segments/sub-P001/S001_transition_C_to_B_period.h5,S001_transition_C_to_B_period.h5,.h5,5851428,segment_file,P001,,True
DEJA-VU/segments/sub-P001/S001_transition_D_to_C_period.h5,S001_transition_D_to_C_period.h5,.h5,5854086,segment_file,P001,,True
DEJA-VU/segments/sub-P001/S002_neutral_baseline.h5,S002_neutral_baseline.h5,.h5,8075775,segment_file,P001,,True
DEJA-VU/segments/sub-P001/S002_quadrant_A_pos4.h5,S002_quadrant_A_pos4.h5,.h5,6439263,segment_file,P001,,True
DEJA-VU/segments/sub-P001/S002_quadrant_B_pos2.h5,S002_quadrant_B_pos2.h5,.h5,4470692,segment_file,P001,,True
DEJA-VU/segments/sub-P001/S002_quadrant_C_pos3.h5,S002_quadrant_C_pos3.h5,.h5,5607470,segment_file,P001,,True
DEJA-VU/segments/sub-P001/S002_transition_B_to_C_period.h5,S002_transition_B_to_C_period.h5,.h5,5873489,segment_file,P001,,True
DEJA-VU/segments/sub-P001/S002_transition_C_to_A_period.h5,S002_transition_C_to_A_period.h5,.h5,5869730,segment_file,P001,,True
DEJA-VU/segments/sub-P001/S002_transition_D_to_B_period.h5,S002_transition_D_to_B_period.h5,.h5,5869325,segment_file,P001,,True
DEJA-VU/segments/sub-P002/S001_neutral_baseline.h5,S001_neutral_baseline.h5,.h5,7967667,segment_file,P002,,True
DEJA-VU/segments/sub-P002/S001_quadrant_A_pos3.h5,S001_quadrant_A_pos3.h5,.h5,6964124,segment_file,P002,,True
DEJA-VU/segments/sub-P002/S001_quadrant_B_pos2.h5,S001_quadrant_B_pos2.h5,.h5,7507408,segment_file,P002,,True
DEJA-VU/segments/sub-P002/S001_quadrant_C_pos4.h5,S001_quadrant_C_pos4.h5,.h5,6270530,segment_file,P002,,True
DEJA-VU/segments/sub-P002/S001_transition_A_to_C_period.h5,S001_transition_A_to_C_period.h5,.h5,5843809,segment_file,P002,,True
DEJA-VU/segments/sub-P002/S001_transition_B_to_A_period.h5,S001_transition_B_to_A_period.h5,.h5,5838240,segment_file,P002,,True
DEJA-VU/segments/sub-P002/S001_transition_D_to_B_period.h5,S001_transition_D_to_B_period.h5,.h5,5827630,segment_file,P002,,True
DEJA-VU/segments/sub-P002/S002_neutral_baseline.h5,S002_neutral_baseline.h5,.h5,8105110,segment_file,P002,,True
DEJA-VU/segments/sub-P002/S002_quadrant_A_pos2.h5,S002_quadrant_A_pos2.h5,.h5,7573777,segment_file,P002,,True
DEJA-VU/segments/sub-P002/S002_quadrant_B_pos3.h5,S002_quadrant_B_pos3.h5,.h5,9500488,segment_file,P002,,True
DEJA-VU/segments/sub-P002/S002_quadrant_C_pos4.h5,S002_quadrant_C_pos4.h5,.h5,8791563,segment_file,P002,,True
DEJA-VU/segments/sub-P002/S002_transition_A_to_B_period.h5,S002_transition_A_to_B_period.h5,.h5,5902238,segment_file,P002,,True
DEJA-VU/segments/sub-P002/S002_transition_B_to_C_period.h5,S002_transition_B_to_C_period.h5,.h5,5899923,segment_file,P002,,True
DEJA-VU/segments/sub-P002/S002_transition_D_to_A_period.h5,S002_transition_D_to_A_period.h5,.h5,5888338,segment_file,P002,,True
DEJA-VU/segments/sub-P003/S001_neutral_baseline.h5,S001_neutral_baseline.h5,.h5,7968210,segment_file,P003,,True
DEJA-VU/segments/sub-P003/S001_quadrant_A_pos2.h5,S001_quadrant_A_pos2.h5,.h5,7584217,segment_file,P003,,True
DEJA-VU/segments/sub-P003/S001_quadrant_B_pos4.h5,S001_quadrant_B_pos4.h5,.h5,7211006,segment_file,P003,,True
DEJA-VU/segments/sub-P003/S001_quadrant_C_pos3.h5,S001_quadrant_C_pos3.h5,.h5,8659396,segment_file,P003,,True
DEJA-VU/segments/sub-P003/S001_transition_A_to_C_period.h5,S001_transition_A_to_C_period.h5,.h5,5831048,segment_file,P003,,True
DEJA-VU/segments/sub-P003/S001_transition_C_to_B_period.h5,S001_transition_C_to_B_period.h5,.h5,5826758,segment_file,P003,,True
DEJA-VU/segments/sub-P003/S001_transition_D_to_A_period.h5,S001_transition_D_to_A_period.h5,.h5,5814344,segment_file,P003,,True
DEJA-VU/segments/sub-P004/S001_neutral_baseline.h5,S001_neutral_baseline.h5,.h5,8340386,segment_file,P004,,True
DEJA-VU/segments/sub-P004/S001_quadrant_A_pos3.h5,S001_quadrant_A_pos3.h5,.h5,7240402,segment_file,P004,,True
DEJA-VU/segments/sub-P004/S001_quadrant_B_pos2.h5,S001_quadrant_B_pos2.h5,.h5,9784003,segment_file,P004,,True
DEJA-VU/segments/sub-P004/S001_quadrant_C_pos4.h5,S001_quadrant_C_pos4.h5,.h5,8208859,segment_file,P004,,True
DEJA-VU/segments/sub-P004/S001_transition_A_to_C_period.h5,S001_transition_A_to_C_period.h5,.h5,6074636,segment_file,P004,,True
DEJA-VU/segments/sub-P004/S001_transition_B_to_A_period.h5,S001_transition_B_to_A_period.h5,.h5,6074531,segment_file,P004,,True
DEJA-VU/segments/sub-P004/S001_transition_D_to_B_period.h5,S001_transition_D_to_B_period.h5,.h5,6070103,segment_file,P004,,True
DEJA-VU/segments/sub-P005/S001_neutral_baseline.h5,S001_neutral_baseline.h5,.h5,8082711,segment_file,P005,,True
DEJA-VU/segments/sub-P005/S001_quadrant_A_pos2.h5,S001_quadrant_A_pos2.h5,.h5,5753583,segment_file,P005,,True
DEJA-VU/segments/sub-P005/S001_quadrant_B_pos4.h5,S001_quadrant_B_pos4.h5,.h5,9697278,segment_file,P005,,True
DEJA-VU/segments/sub-P005/S001_quadrant_C_pos3.h5,S001_quadrant_C_pos3.h5,.h5,7982557,segment_file,P005,,True
DEJA-VU/segments/sub-P005/S001_transition_A_to_C_period.h5,S001_transition_A_to_C_period.h5,.h5,5896792,segment_file,P005,,True
DEJA-VU/segments/sub-P005/S001_transition_C_to_B_period.h5,S001_transition_C_to_B_period.h5,.h5,5900437,segment_file,P005,,True
DEJA-VU/segments/sub-P005/S001_transition_D_to_A_period.h5,S001_transition_D_to_A_period.h5,.h5,5879077,segment_file,P005,,True
DEJA-VU/segments/sub-P006/S001_neutral_baseline.h5,S001_neutral_baseline.h5,.h5,8064227,segment_file,P006,,True
DEJA-VU/segments/sub-P006/S001_quadrant_A_pos2.h5,S001_quadrant_A_pos2.h5,.h5,7646950,segment_file,P006,,True
DEJA-VU/segments/sub-P006/S001_quadrant_B_pos4.h5,S001_quadrant_B_pos4.h5,.h5,7256217,segment_file,P006,,True
DEJA-VU/segments/sub-P006/S001_quadrant_C_pos3.h5,S001_quadrant_C_pos3.h5,.h5,7945676,segment_file,P006,,True
DEJA-VU/segments/sub-P006/S001_transition_A_to_C_period.h5,S001_transition_A_to_C_period.h5,.h5,5872827,segment_file,P006,,True
DEJA-VU/segments/sub-P006/S001_transition_C_to_B_period.h5,S001_transition_C_to_B_period.h5,.h5,5868710,segment_file,P006,,True
DEJA-VU/segments/sub-P006/S001_transition_D_to_A_period.h5,S001_transition_D_to_A_period.h5,.h5,5871582,segment_file,P006,,True
DEJA-VU/segments/sub-P007/S001_neutral_baseline.h5,S001_neutral_baseline.h5,.h5,8030869,segment_file,P007,,True
DEJA-VU/segments/sub-P007/S001_quadrant_A_pos4.h5,S001_quadrant_A_pos4.h5,.h5,7536636,segment_file,P007,,True
DEJA-VU/segments/sub-P007/S001_quadrant_B_pos2.h5,S001_quadrant_B_pos2.h5,.h5,7543139,segment_file,P007,,True
DEJA-VU/segments/sub-P007/S001_quadrant_C_pos3.h5,S001_quadrant_C_pos3.h5,.h5,8711972,segment_file,P007,,True
DEJA-VU/segments/sub-P007/S001_transition_B_to_C_period.h5,S001_transition_B_to_C_period.h5,.h5,5869564,segment_file,P007,,True
DEJA-VU/segments/sub-P007/S001_transition_C_to_A_period.h5,S001_transition_C_to_A_period.h5,.h5,5868059,segment_file,P007,,True
DEJA-VU/segments/sub-P007/S001_transition_D_to_B_period.h5,S001_transition_D_to_B_period.h5,.h5,5854624,segment_file,P007,,True
DEJA-VU/segments/sub-P007/S002_neutral_baseline.h5,S002_neutral_baseline.h5,.h5,8135548,segment_file,P007,,True
DEJA-VU/segments/sub-P007/S002_quadrant_A_pos2.h5,S002_quadrant_A_pos2.h5,.h5,7097850,segment_file,P007,,True
DEJA-VU/segments/sub-P007/S002_quadrant_B_pos3.h5,S002_quadrant_B_pos3.h5,.h5,9813129,segment_file,P007,,True
DEJA-VU/segments/sub-P007/S002_quadrant_C_pos4.h5,S002_quadrant_C_pos4.h5,.h5,6444736,segment_file,P007,,True
DEJA-VU/segments/sub-P007/S002_transition_A_to_B_period.h5,S002_transition_A_to_B_period.h5,.h5,5976464,segment_file,P007,,True
DEJA-VU/segments/sub-P007/S002_transition_B_to_C_period.h5,S002_transition_B_to_C_period.h5,.h5,5976079,segment_file,P007,,True
DEJA-VU/segments/sub-P007/S002_transition_D_to_A_period.h5,S002_transition_D_to_A_period.h5,.h5,5945064,segment_file,P007,,True
DEJA-VU/segments/sub-P008/S001_neutral_baseline.h5,S001_neutral_baseline.h5,.h5,7975455,segment_file,P008,,True
DEJA-VU/segments/sub-P008/S001_quadrant_A_pos4.h5,S001_quadrant_A_pos4.h5,.h5,7538585,segment_file,P008,,True
DEJA-VU/segments/sub-P008/S001_quadrant_B_pos3.h5,S001_quadrant_B_pos3.h5,.h5,7238636,segment_file,P008,,True
DEJA-VU/segments/sub-P008/S001_quadrant_C_pos2.h5,S001_quadrant_C_pos2.h5,.h5,8678282,segment_file,P008,,True
DEJA-VU/segments/sub-P008/S001_transition_B_to_A_period.h5,S001_transition_B_to_A_period.h5,.h5,5856390,segment_file,P008,,True
DEJA-VU/segments/sub-P008/S001_transition_C_to_B_period.h5,S001_transition_C_to_B_period.h5,.h5,5856567,segment_file,P008,,True
DEJA-VU/segments/sub-P008/S001_transition_D_to_C_period.h5,S001_transition_D_to_C_period.h5,.h5,5835482,segment_file,P008,,True
DEJA-VU/segments/sub-P009/S001_neutral_baseline.h5,S001_neutral_baseline.h5,.h5,8027903,segment_file,P009,,True
DEJA-VU/segments/sub-P009/S001_quadrant_A_pos4.h5,S001_quadrant_A_pos4.h5,.h5,7633578,segment_file,P009,,True
DEJA-VU/segments/sub-P009/S001_quadrant_B_pos3.h5,S001_quadrant_B_pos3.h5,.h5,7534941,segment_file,P009,,True
DEJA-VU/segments/sub-P009/S001_quadrant_C_pos2.h5,S001_quadrant_C_pos2.h5,.h5,8689091,segment_file,P009,,True
DEJA-VU/segments/sub-P009/S001_transition_B_to_A_period.h5,S001_transition_B_to_A_period.h5,.h5,5858654,segment_file,P009,,True
DEJA-VU/segments/sub-P009/S001_transition_C_to_B_period.h5,S001_transition_C_to_B_period.h5,.h5,5868755,segment_file,P009,,True
DEJA-VU/segments/sub-P009/S001_transition_D_to_C_period.h5,S001_transition_D_to_C_period.h5,.h5,5842610,segment_file,P009,,True
DEJA-VU/segments/sub-P009/S002_neutral_baseline.h5,S002_neutral_baseline.h5,.h5,8331817,segment_file,P009,,True
DEJA-VU/segments/sub-P009/S002_quadrant_A_pos4.h5,S002_quadrant_A_pos4.h5,.h5,7221200,segment_file,P009,,True
DEJA-VU/segments/sub-P009/S002_quadrant_B_pos2.h5,S002_quadrant_B_pos2.h5,.h5,9940913,segment_file,P009,,True
DEJA-VU/segments/sub-P009/S002_quadrant_C_pos3.h5,S002_quadrant_C_pos3.h5,.h5,6499610,segment_file,P009,,True
DEJA-VU/segments/sub-P009/S002_transition_B_to_C_period.h5,S002_transition_B_to_C_period.h5,.h5,6053502,segment_file,P009,,True
DEJA-VU/segments/sub-P009/S002_transition_C_to_A_period.h5,S002_transition_C_to_A_period.h5,.h5,6055628,segment_file,P009,,True
DEJA-VU/segments/sub-P009/S002_transition_D_to_B_period.h5,S002_transition_D_to_B_period.h5,.h5,6061842,segment_file,P009,,True
DEJA-VU/segments/sub-P010/S001_neutral_baseline.h5,S001_neutral_baseline.h5,.h5,8089072,segment_file,P010,,True
DEJA-VU/segments/sub-P010/S001_quadrant_A_pos2.h5,S001_quadrant_A_pos2.h5,.h5,7658406,segment_file,P010,,True
DEJA-VU/segments/sub-P010/S001_quadrant_B_pos3.h5,S001_quadrant_B_pos3.h5,.h5,7290420,segment_file,P010,,True
DEJA-VU/segments/sub-P010/S001_quadrant_C_pos4.h5,S001_quadrant_C_pos4.h5,.h5,8003144,segment_file,P010,,True
DEJA-VU/segments/sub-P010/S001_transition_A_to_B_period.h5,S001_transition_A_to_B_period.h5,.h5,5909803,segment_file,P010,,True
DEJA-VU/segments/sub-P010/S001_transition_B_to_C_period.h5,S001_transition_B_to_C_period.h5,.h5,5897313,segment_file,P010,,True
DEJA-VU/segments/sub-P010/S001_transition_D_to_A_period.h5,S001_transition_D_to_A_period.h5,.h5,5879799,segment_file,P010,,True
DEJA-VU/segments/sub-P011/S001_neutral_baseline.h5,S001_neutral_baseline.h5,.h5,8028014,segment_file,P011,,True
DEJA-VU/segments/sub-P011/S001_quadrant_A_pos2.h5,S001_quadrant_A_pos2.h5,.h5,7537425,segment_file,P011,,True
DEJA-VU/segments/sub-P011/S001_quadrant_B_pos3.h5,S001_quadrant_B_pos3.h5,.h5,9619042,segment_file,P011,,True
DEJA-VU/segments/sub-P011/S001_quadrant_C_pos4.h5,S001_quadrant_C_pos4.h5,.h5,8723769,segment_file,P011,,True
DEJA-VU/segments/sub-P011/S001_transition_A_to_B_period.h5,S001_transition_A_to_B_period.h5,.h5,5866831,segment_file,P011,,True
DEJA-VU/segments/sub-P011/S001_transition_B_to_C_period.h5,S001_transition_B_to_C_period.h5,.h5,5867156,segment_file,P011,,True
DEJA-VU/segments/sub-P011/S001_transition_D_to_A_period.h5,S001_transition_D_to_A_period.h5,.h5,5852285,segment_file,P011,,True
DEJA-VU/segments/sub-P011/S002_neutral_baseline.h5,S002_neutral_baseline.h5,.h5,7969034,segment_file,P011,,True
DEJA-VU/segments/sub-P011/S002_quadrant_A_pos2.h5,S002_quadrant_A_pos2.h5,.h5,5666118,segment_file,P011,,True
DEJA-VU/segments/sub-P011/S002_quadrant_B_pos4.h5,S002_quadrant_B_pos4.h5,.h5,9351249,segment_file,P011,,True
DEJA-VU/segments/sub-P011/S002_quadrant_C_pos3.h5,S002_quadrant_C_pos3.h5,.h5,7848711,segment_file,P011,,True
DEJA-VU/segments/sub-P011/S002_transition_A_to_C_period.h5,S002_transition_A_to_C_period.h5,.h5,5807733,segment_file,P011,,True
DEJA-VU/segments/sub-P011/S002_transition_C_to_B_period.h5,S002_transition_C_to_B_period.h5,.h5,5811937,segment_file,P011,,True
DEJA-VU/segments/sub-P011/S002_transition_D_to_A_period.h5,S002_transition_D_to_A_period.h5,.h5,5800600,segment_file,P011,,True
DEJA-VU/segments/sub-P012/S001_neutral_baseline.h5,S001_neutral_baseline.h5,.h5,8013628,segment_file,P012,,True
DEJA-VU/segments/sub-P012/S001_quadrant_A_pos4.h5,S001_quadrant_A_pos4.h5,.h5,7582405,segment_file,P012,,True
DEJA-VU/segments/sub-P012/S001_quadrant_B_pos3.h5,S001_quadrant_B_pos3.h5,.h5,7497043,segment_file,P012,,True
DEJA-VU/segments/sub-P012/S001_quadrant_C_pos2.h5,S001_quadrant_C_pos2.h5,.h5,7873912,segment_file,P012,,True
DEJA-VU/segments/sub-P012/S001_transition_B_to_A_period.h5,S001_transition_B_to_A_period.h5,.h5,5824827,segment_file,P012,,True
DEJA-VU/segments/sub-P012/S001_transition_C_to_B_period.h5,S001_transition_C_to_B_period.h5,.h5,5821702,segment_file,P012,,True
DEJA-VU/segments/sub-P012/S001_transition_D_to_C_period.h5,S001_transition_D_to_C_period.h5,.h5,5821896,segment_file,P012,,True
DEJA-VU/segments/sub-P013/S001_neutral_baseline.h5,S001_neutral_baseline.h5,.h5,8001571,segment_file,P013,,True
DEJA-VU/segments/sub-P013/S001_quadrant_A_pos3.h5,S001_quadrant_A_pos3.h5,.h5,7524257,segment_file,P013,,True
DEJA-VU/segments/sub-P013/S001_quadrant_B_pos2.h5,S001_quadrant_B_pos2.h5,.h5,7521635,segment_file,P013,,True
DEJA-VU/segments/sub-P013/S001_quadrant_C_pos4.h5,S001_quadrant_C_pos4.h5,.h5,8705131,segment_file,P013,,True
DEJA-VU/segments/sub-P013/S001_transition_A_to_C_period.h5,S001_transition_A_to_C_period.h5,.h5,5848180,segment_file,P013,,True
DEJA-VU/segments/sub-P013/S001_transition_B_to_A_period.h5,S001_transition_B_to_A_period.h5,.h5,5845560,segment_file,P013,,True
DEJA-VU/segments/sub-P013/S001_transition_D_to_B_period.h5,S001_transition_D_to_B_period.h5,.h5,5836784,segment_file,P013,,True
DEJA-VU/segments/sub-P014/S001_neutral_baseline.h5,S001_neutral_baseline.h5,.h5,8019759,segment_file,P014,,True
DEJA-VU/segments/sub-P014/S001_quadrant_A_pos3.h5,S001_quadrant_A_pos3.h5,.h5,7631932,segment_file,P014,,True
DEJA-VU/segments/sub-P014/S001_quadrant_B_pos2.h5,S001_quadrant_B_pos2.h5,.h5,9596471,segment_file,P014,,True
DEJA-VU/segments/sub-P014/S001_quadrant_C_pos4.h5,S001_quadrant_C_pos4.h5,.h5,6300826,segment_file,P014,,True
DEJA-VU/segments/sub-P014/S001_transition_A_to_C_period.h5,S001_transition_A_to_C_period.h5,.h5,5870799,segment_file,P014,,True
DEJA-VU/segments/sub-P014/S001_transition_B_to_A_period.h5,S001_transition_B_to_A_period.h5,.h5,5866276,segment_file,P014,,True
DEJA-VU/segments/sub-P014/S001_transition_D_to_B_period.h5,S001_transition_D_to_B_period.h5,.h5,5849051,segment_file,P014,,True
DEJA-VU/segments/sub-P015/S001_neutral_baseline.h5,S001_neutral_baseline.h5,.h5,8115166,segment_file,P015,,True
DEJA-VU/segments/sub-P015/S001_quadrant_A_pos3.h5,S001_quadrant_A_pos3.h5,.h5,7122428,segment_file,P015,,True
DEJA-VU/segments/sub-P015/S001_quadrant_B_pos4.h5,S001_quadrant_B_pos4.h5,.h5,7704220,segment_file,P015,,True
DEJA-VU/segments/sub-P015/S001_quadrant_C_pos2.h5,S001_quadrant_C_pos2.h5,.h5,6381908,segment_file,P015,,True
DEJA-VU/segments/sub-P015/S001_transition_A_to_B_period.h5,S001_transition_A_to_B_period.h5,.h5,5978046,segment_file,P015,,True
DEJA-VU/segments/sub-P015/S001_transition_C_to_A_period.h5,S001_transition_C_to_A_period.h5,.h5,5970348,segment_file,P015,,True
DEJA-VU/segments/sub-P015/S001_transition_D_to_C_period.h5,S001_transition_D_to_C_period.h5,.h5,5933588,segment_file,P015,,True
DEJA-VU/segments/sub-P016/S001_neutral_baseline.h5,S001_neutral_baseline.h5,.h5,8128260,segment_file,P016,,True
DEJA-VU/segments/sub-P016/S001_quadrant_A_pos4.h5,S001_quadrant_A_pos4.h5,.h5,7074152,segment_file,P016,,True
DEJA-VU/segments/sub-P016/S001_quadrant_B_pos2.h5,S001_quadrant_B_pos2.h5,.h5,7634789,segment_file,P016,,True
DEJA-VU/segments/sub-P016/S001_quadrant_C_pos3.h5,S001_quadrant_C_pos3.h5,.h5,8042464,segment_file,P016,,True
DEJA-VU/segments/sub-P016/S001_transition_B_to_C_period.h5,S001_transition_B_to_C_period.h5,.h5,5940861,segment_file,P016,,True
DEJA-VU/segments/sub-P016/S001_transition_C_to_A_period.h5,S001_transition_C_to_A_period.h5,.h5,5941388,segment_file,P016,,True
DEJA-VU/segments/sub-P016/S001_transition_D_to_B_period.h5,S001_transition_D_to_B_period.h5,.h5,5922935,segment_file,P016,,True
DEJA-VU/segments/sub-P017/S001_neutral_baseline.h5,S001_neutral_baseline.h5,.h5,8076505,segment_file,P017,,True
DEJA-VU/segments/sub-P017/S001_quadrant_A_pos4.h5,S001_quadrant_A_pos4.h5,.h5,7038937,segment_file,P017,,True
DEJA-VU/segments/sub-P017/S001_quadrant_B_pos3.h5,S001_quadrant_B_pos3.h5,.h5,7276961,segment_file,P017,,True
DEJA-VU/segments/sub-P017/S001_quadrant_C_pos2.h5,S001_quadrant_C_pos2.h5,.h5,6297223,segment_file,P017,,True
DEJA-VU/segments/sub-P017/S001_transition_B_to_A_period.h5,S001_transition_B_to_A_period.h5,.h5,5895194,segment_file,P017,,True
DEJA-VU/segments/sub-P017/S001_transition_C_to_B_period.h5,S001_transition_C_to_B_period.h5,.h5,5887408,segment_file,P017,,True
DEJA-VU/segments/sub-P017/S001_transition_D_to_C_period.h5,S001_transition_D_to_C_period.h5,.h5,5863149,segment_file,P017,,True
DEJA-VU/segments/sub-P017/S002_neutral_baseline.h5,S002_neutral_baseline.h5,.h5,7978969,segment_file,P017,,True
DEJA-VU/segments/sub-P017/S002_quadrant_A_pos3.h5,S002_quadrant_A_pos3.h5,.h5,7849494,segment_file,P017,,True
DEJA-VU/segments/sub-P017/S002_quadrant_B_pos2.h5,S002_quadrant_B_pos2.h5,.h5,11623955,segment_file,P017,,True
DEJA-VU/segments/sub-P017/S002_quadrant_C_pos4.h5,S002_quadrant_C_pos4.h5,.h5,5572044,segment_file,P017,,True
DEJA-VU/segments/sub-P017/S002_transition_A_to_C_period.h5,S002_transition_A_to_C_period.h5,.h5,5838445,segment_file,P017,,True
DEJA-VU/segments/sub-P017/S002_transition_B_to_A_period.h5,S002_transition_B_to_A_period.h5,.h5,5833987,segment_file,P017,,True
DEJA-VU/segments/sub-P017/S002_transition_D_to_B_period.h5,S002_transition_D_to_B_period.h5,.h5,5826250,segment_file,P017,,True
DEJA-VU/segments/sub-P018/S001_neutral_baseline.h5,S001_neutral_baseline.h5,.h5,8053217,segment_file,P018,,True
DEJA-VU/segments/sub-P018/S001_quadrant_A_pos4.h5,S001_quadrant_A_pos4.h5,.h5,5733736,segment_file,P018,,True
DEJA-VU/segments/sub-P018/S001_quadrant_B_pos3.h5,S001_quadrant_B_pos3.h5,.h5,7542540,segment_file,P018,,True
DEJA-VU/segments/sub-P018/S001_quadrant_C_pos2.h5,S001_quadrant_C_pos2.h5,.h5,7934208,segment_file,P018,,True
DEJA-VU/segments/sub-P018/S001_transition_B_to_A_period.h5,S001_transition_B_to_A_period.h5,.h5,5864057,segment_file,P018,,True
DEJA-VU/segments/sub-P018/S001_transition_C_to_B_period.h5,S001_transition_C_to_B_period.h5,.h5,5862227,segment_file,P018,,True
DEJA-VU/segments/sub-P018/S001_transition_D_to_C_period.h5,S001_transition_D_to_C_period.h5,.h5,5863187,segment_file,P018,,True
DEJA-VU/segments/sub-P019/S001_neutral_baseline.h5,S001_neutral_baseline.h5,.h5,6719738,segment_file,P019,,True
DEJA-VU/segments/sub-P019/S001_quadrant_A_pos2.h5,S001_quadrant_A_pos2.h5,.h5,6133897,segment_file,P019,,True
DEJA-VU/segments/sub-P019/S001_quadrant_B_pos4.h5,S001_quadrant_B_pos4.h5,.h5,5822835,segment_file,P019,,True
DEJA-VU/segments/sub-P019/S001_quadrant_C_pos3.h5,S001_quadrant_C_pos3.h5,.h5,5114928,segment_file,P019,,True
DEJA-VU/segments/sub-P019/S001_transition_A_to_C_period.h5,S001_transition_A_to_C_period.h5,.h5,4762427,segment_file,P019,,True
DEJA-VU/segments/sub-P019/S001_transition_C_to_B_period.h5,S001_transition_C_to_B_period.h5,.h5,4764374,segment_file,P019,,True
DEJA-VU/segments/sub-P019/S001_transition_D_to_A_period.h5,S001_transition_D_to_A_period.h5,.h5,4760670,segment_file,P019,,True
DEJA-VU/segments/sub-P020/S001_neutral_baseline.h5,S001_neutral_baseline.h5,.h5,7945624,segment_file,P020,,True
DEJA-VU/segments/sub-P020/S001_quadrant_A_pos3.h5,S001_quadrant_A_pos3.h5,.h5,7551867,segment_file,P020,,True
DEJA-VU/segments/sub-P020/S001_quadrant_B_pos2.h5,S001_quadrant_B_pos2.h5,.h5,7463153,segment_file,P020,,True
DEJA-VU/segments/sub-P020/S001_quadrant_C_pos4.h5,S001_quadrant_C_pos4.h5,.h5,8659261,segment_file,P020,,True
DEJA-VU/segments/sub-P020/S001_transition_A_to_C_period.h5,S001_transition_A_to_C_period.h5,.h5,5805523,segment_file,P020,,True
DEJA-VU/segments/sub-P020/S001_transition_B_to_A_period.h5,S001_transition_B_to_A_period.h5,.h5,5806459,segment_file,P020,,True
DEJA-VU/segments/sub-P020/S001_transition_D_to_B_period.h5,S001_transition_D_to_B_period.h5,.h5,5791748,segment_file,P020,,True
DEJA-VU/segments/sub-P021/S001_neutral_baseline.h5,S001_neutral_baseline.h5,.h5,7726773,segment_file,P021,,True
DEJA-VU/segments/sub-P021/S001_quadrant_A_pos3.h5,S001_quadrant_A_pos3.h5,.h5,5527961,segment_file,P021,,True
DEJA-VU/segments/sub-P021/S001_quadrant_B_pos2.h5,S001_quadrant_B_pos2.h5,.h5,9094295,segment_file,P021,,True
DEJA-VU/segments/sub-P021/S001_quadrant_C_pos4.h5,S001_quadrant_C_pos4.h5,.h5,6082500,segment_file,P021,,True
DEJA-VU/segments/sub-P021/S001_transition_A_to_C_period.h5,S001_transition_A_to_C_period.h5,.h5,5656032,segment_file,P021,,True
DEJA-VU/segments/sub-P021/S001_transition_B_to_A_period.h5,S001_transition_B_to_A_period.h5,.h5,5653001,segment_file,P021,,True
DEJA-VU/segments/sub-P021/S001_transition_D_to_B_period.h5,S001_transition_D_to_B_period.h5,.h5,5646969,segment_file,P021,,True
DEJA-VU/segments/sub-P022/S001_neutral_baseline.h5,S001_neutral_baseline.h5,.h5,7927145,segment_file,P022,,True
DEJA-VU/segments/sub-P022/S001_quadrant_A_pos2.h5,S001_quadrant_A_pos2.h5,.h5,5659082,segment_file,P022,,True
DEJA-VU/segments/sub-P022/S001_quadrant_B_pos4.h5,S001_quadrant_B_pos4.h5,.h5,9522908,segment_file,P022,,True
DEJA-VU/segments/sub-P022/S001_quadrant_C_pos3.h5,S001_quadrant_C_pos3.h5,.h5,8606425,segment_file,P022,,True
DEJA-VU/segments/sub-P022/S001_transition_A_to_C_period.h5,S001_transition_A_to_C_period.h5,.h5,5797996,segment_file,P022,,True
DEJA-VU/segments/sub-P022/S001_transition_C_to_B_period.h5,S001_transition_C_to_B_period.h5,.h5,5797809,segment_file,P022,,True
DEJA-VU/segments/sub-P022/S001_transition_D_to_A_period.h5,S001_transition_D_to_A_period.h5,.h5,5788322,segment_file,P022,,True
DEJA-VU/segments/sub-P023/S001_neutral_baseline.h5,S001_neutral_baseline.h5,.h5,8086728,segment_file,P023,,True
DEJA-VU/segments/sub-P023/S001_quadrant_A_pos4.h5,S001_quadrant_A_pos4.h5,.h5,7069597,segment_file,P023,,True
DEJA-VU/segments/sub-P023/S001_quadrant_B_pos3.h5,S001_quadrant_B_pos3.h5,.h5,9683690,segment_file,P023,,True
DEJA-VU/segments/sub-P023/S001_quadrant_C_pos2.h5,S001_quadrant_C_pos2.h5,.h5,8729831,segment_file,P023,,True
DEJA-VU/segments/sub-P023/S001_transition_B_to_A_period.h5,S001_transition_B_to_A_period.h5,.h5,5910741,segment_file,P023,,True
DEJA-VU/segments/sub-P023/S001_transition_C_to_B_period.h5,S001_transition_C_to_B_period.h5,.h5,5903626,segment_file,P023,,True
DEJA-VU/segments/sub-P023/S001_transition_D_to_C_period.h5,S001_transition_D_to_C_period.h5,.h5,5870992,segment_file,P023,,True
DEJA-VU/segments/sub-P024/S001_neutral_baseline.h5,S001_neutral_baseline.h5,.h5,7943583,segment_file,P024,,True
DEJA-VU/segments/sub-P024/S001_quadrant_A_pos2.h5,S001_quadrant_A_pos2.h5,.h5,5644210,segment_file,P024,,True
DEJA-VU/segments/sub-P024/S001_quadrant_B_pos4.h5,S001_quadrant_B_pos4.h5,.h5,9510484,segment_file,P024,,True
DEJA-VU/segments/sub-P024/S001_quadrant_C_pos3.h5,S001_quadrant_C_pos3.h5,.h5,7828830,segment_file,P024,,True
DEJA-VU/segments/sub-P024/S001_transition_A_to_C_period.h5,S001_transition_A_to_C_period.h5,.h5,5788770,segment_file,P024,,True
DEJA-VU/segments/sub-P024/S001_transition_C_to_B_period.h5,S001_transition_C_to_B_period.h5,.h5,5788146,segment_file,P024,,True
DEJA-VU/segments/sub-P024/S001_transition_D_to_A_period.h5,S001_transition_D_to_A_period.h5,.h5,5778676,segment_file,P024,,True
DEJA-VU/segments/sub-P025/S001_neutral_baseline.h5,S001_neutral_baseline.h5,.h5,7962180,segment_file,P025,,True
DEJA-VU/segments/sub-P025/S001_quadrant_A_pos2.h5,S001_quadrant_A_pos2.h5,.h5,5706028,segment_file,P025,,True
DEJA-VU/segments/sub-P025/S001_quadrant_B_pos3.h5,S001_quadrant_B_pos3.h5,.h5,7525967,segment_file,P025,,True
DEJA-VU/segments/sub-P025/S001_quadrant_C_pos4.h5,S001_quadrant_C_pos4.h5,.h5,6284620,segment_file,P025,,True
DEJA-VU/segments/sub-P025/S001_transition_A_to_B_period.h5,S001_transition_A_to_B_period.h5,.h5,5847870,segment_file,P025,,True
DEJA-VU/segments/sub-P025/S001_transition_B_to_C_period.h5,S001_transition_B_to_C_period.h5,.h5,5849145,segment_file,P025,,True
DEJA-VU/segments/sub-P025/S001_transition_D_to_A_period.h5,S001_transition_D_to_A_period.h5,.h5,5835055,segment_file,P025,,True
DEJA-VU/segments/sub-P026/S001_neutral_baseline.h5,S001_neutral_baseline.h5,.h5,8000231,segment_file,P026,,True
DEJA-VU/segments/sub-P026/S001_quadrant_A_pos2.h5,S001_quadrant_A_pos2.h5,.h5,6931773,segment_file,P026,,True
DEJA-VU/segments/sub-P026/S001_quadrant_B_pos3.h5,S001_quadrant_B_pos3.h5,.h5,7519005,segment_file,P026,,True
DEJA-VU/segments/sub-P026/S001_quadrant_C_pos4.h5,S001_quadrant_C_pos4.h5,.h5,6282777,segment_file,P026,,True
DEJA-VU/segments/sub-P026/S001_transition_A_to_B_period.h5,S001_transition_A_to_B_period.h5,.h5,5842461,segment_file,P026,,True
DEJA-VU/segments/sub-P026/S001_transition_B_to_C_period.h5,S001_transition_B_to_C_period.h5,.h5,5838997,segment_file,P026,,True
DEJA-VU/segments/sub-P026/S001_transition_D_to_A_period.h5,S001_transition_D_to_A_period.h5,.h5,5818876,segment_file,P026,,True
DEJA-VU/segments/sub-P027/S001_neutral_baseline.h5,S001_neutral_baseline.h5,.h5,8103107,segment_file,P027,,True
DEJA-VU/segments/sub-P027/S001_quadrant_A_pos4.h5,S001_quadrant_A_pos4.h5,.h5,5808589,segment_file,P027,,True
DEJA-VU/segments/sub-P027/S001_quadrant_B_pos3.h5,S001_quadrant_B_pos3.h5,.h5,9531916,segment_file,P027,,True
DEJA-VU/segments/sub-P027/S001_quadrant_C_pos2.h5,S001_quadrant_C_pos2.h5,.h5,7962033,segment_file,P027,,True
DEJA-VU/segments/sub-P027/S001_transition_B_to_A_period.h5,S001_transition_B_to_A_period.h5,.h5,5922812,segment_file,P027,,True
DEJA-VU/segments/sub-P027/S001_transition_C_to_B_period.h5,S001_transition_C_to_B_period.h5,.h5,5913904,segment_file,P027,,True
DEJA-VU/segments/sub-P027/S001_transition_D_to_C_period.h5,S001_transition_D_to_C_period.h5,.h5,5882267,segment_file,P027,,True
DEJA-VU/segments/sub-P028/S001_neutral_baseline.h5,S001_neutral_baseline.h5,.h5,8054019,segment_file,P028,,True
DEJA-VU/segments/sub-P028/S001_quadrant_A_pos4.h5,S001_quadrant_A_pos4.h5,.h5,5762035,segment_file,P028,,True
DEJA-VU/segments/sub-P028/S001_quadrant_B_pos2.h5,S001_quadrant_B_pos2.h5,.h5,9612034,segment_file,P028,,True
DEJA-VU/segments/sub-P028/S001_quadrant_C_pos3.h5,S001_quadrant_C_pos3.h5,.h5,7939332,segment_file,P028,,True
DEJA-VU/segments/sub-P028/S001_transition_B_to_C_period.h5,S001_transition_B_to_C_period.h5,.h5,5870839,segment_file,P028,,True
DEJA-VU/segments/sub-P028/S001_transition_C_to_A_period.h5,S001_transition_C_to_A_period.h5,.h5,5870161,segment_file,P028,,True
DEJA-VU/segments/sub-P028/S001_transition_D_to_B_period.h5,S001_transition_D_to_B_period.h5,.h5,5862954,segment_file,P028,,True
