relative_path,filename,extension,size_bytes,archive_expected_size_bytes,size_match,is_file,is_directory,is_symlink,zero_byte,category,notes
DEJA-VU/data.xlsx,data.xlsx,.xlsx,114947,114947,True,True,False,False,False,spreadsheet,
DEJA-VU/deja_vu_database.db,deja_vu_database.db,.db,233472,233472,True,True,False,False,False,sqlite_database,
DEJA-VU/preprocessed/clean_P001_S001.h5,clean_P001_S001.h5,.h5,64989528,64989528,True,True,False,False,False,preprocessed_hdf5,
DEJA-VU/preprocessed/clean_P001_S002.h5,clean_P001_S002.h5,.h5,55868008,55868008,True,True,False,False,False,preprocessed_hdf5,
DEJA-VU/preprocessed/clean_P002_S001.h5,clean_P002_S001.h5,.h5,58587192,58587192,True,True,False,False,False,preprocessed_hdf5,
DEJA-VU/preprocessed/clean_P002_S002.h5,clean_P002_S002.h5,.h5,66601752,66601752,True,True,False,False,False,preprocessed_hdf5,
DEJA-VU/preprocessed/clean_P003_S001.h5,clean_P003_S001.h5,.h5,63700992,63767712,False,True,False,False,False,preprocessed_hdf5,"TRUNCATED - unar decoder failure, see decision_log.md"
DEJA-VU/preprocessed/clean_P004_S001.h5,clean_P004_S001.h5,.h5,64749568,64967096,False,True,False,False,False,preprocessed_hdf5,"TRUNCATED - unar decoder failure, see decision_log.md"
DEJA-VU/preprocessed/clean_P005_S001.h5,clean_P005_S001.h5,.h5,63011680,63011680,True,True,False,False,False,preprocessed_hdf5,
DEJA-VU/preprocessed/clean_P006_S001.h5,clean_P006_S001.h5,.h5,63382312,63382312,True,True,False,False,False,preprocessed_hdf5,
DEJA-VU/preprocessed/clean_P007_S001.h5,clean_P007_S001.h5,.h5,64207712,64207712,True,True,False,False,False,preprocessed_hdf5,
DEJA-VU/preprocessed/clean_P007_S002.h5,clean_P007_S002.h5,.h5,62753256,62753256,True,True,False,False,False,preprocessed_hdf5,
DEJA-VU/preprocessed/clean_P008_S001.h5,clean_P008_S001.h5,.h5,65772632,65772632,True,True,False,False,False,preprocessed_hdf5,
DEJA-VU/preprocessed/clean_P009_S001.h5,clean_P009_S001.h5,.h5,64703824,64703824,True,True,False,False,False,preprocessed_hdf5,
DEJA-VU/preprocessed/clean_P009_S002.h5,clean_P009_S002.h5,.h5,61607616,61607616,True,True,False,False,False,preprocessed_hdf5,
DEJA-VU/preprocessed/clean_P010_S001.h5,clean_P010_S001.h5,.h5,62652416,62855872,False,True,False,False,False,preprocessed_hdf5,"TRUNCATED - unar decoder failure, see decision_log.md"
DEJA-VU/preprocessed/clean_P011_S001.h5,clean_P011_S001.h5,.h5,68681728,68713552,False,True,False,False,False,preprocessed_hdf5,"TRUNCATED - unar decoder failure, see decision_log.md"
DEJA-VU/preprocessed/clean_P011_S002.h5,clean_P011_S002.h5,.h5,62128128,62384736,False,True,False,False,False,preprocessed_hdf5,"TRUNCATED - unar decoder failure, see decision_log.md"
DEJA-VU/preprocessed/clean_P012_S001.h5,clean_P012_S001.h5,.h5,62149992,62149992,True,True,False,False,False,preprocessed_hdf5,
DEJA-VU/preprocessed/clean_P013_S001.h5,clean_P013_S001.h5,.h5,63748056,63748056,True,True,False,False,False,preprocessed_hdf5,
DEJA-VU/preprocessed/clean_P014_S001.h5,clean_P014_S001.h5,.h5,63700992,63823792,False,True,False,False,False,preprocessed_hdf5,"TRUNCATED - unar decoder failure, see decision_log.md"
DEJA-VU/preprocessed/clean_P015_S001.h5,clean_P015_S001.h5,.h5,60337248,60337248,True,True,False,False,False,preprocessed_hdf5,
DEJA-VU/preprocessed/clean_P016_S001.h5,clean_P016_S001.h5,.h5,61658496,61658496,True,True,False,False,False,preprocessed_hdf5,
DEJA-VU/preprocessed/clean_P017_S001.h5,clean_P017_S001.h5,.h5,59104584,59104584,True,True,False,False,False,preprocessed_hdf5,
DEJA-VU/preprocessed/clean_P017_S002.h5,clean_P017_S002.h5,.h5,63633952,63633952,True,True,False,False,False,preprocessed_hdf5,
DEJA-VU/preprocessed/clean_P018_S001.h5,clean_P018_S001.h5,.h5,65544584,65544584,True,True,False,False,False,preprocessed_hdf5,
DEJA-VU/preprocessed/clean_P019_S001.h5,clean_P019_S001.h5,.h5,47972352,48199272,False,True,False,False,False,preprocessed_hdf5,"TRUNCATED - unar decoder failure, see decision_log.md"
DEJA-VU/preprocessed/clean_P020_S001.h5,clean_P020_S001.h5,.h5,65466648,65466648,True,True,False,False,False,preprocessed_hdf5,
DEJA-VU/preprocessed/clean_P021_S001.h5,clean_P021_S001.h5,.h5,62390272,62524160,False,True,False,False,False,preprocessed_hdf5,"TRUNCATED - unar decoder failure, see decision_log.md"
DEJA-VU/preprocessed/clean_P022_S001.h5,clean_P022_S001.h5,.h5,64338144,64338144,True,True,False,False,False,preprocessed_hdf5,
DEJA-VU/preprocessed/clean_P023_S001.h5,clean_P023_S001.h5,.h5,64749568,64850552,False,True,False,False,False,preprocessed_hdf5,"TRUNCATED - unar decoder failure, see decision_log.md"
DEJA-VU/preprocessed/clean_P024_S001.h5,clean_P024_S001.h5,.h5,62201664,62201664,True,True,False,False,False,preprocessed_hdf5,
DEJA-VU/preprocessed/clean_P025_S001.h5,clean_P025_S001.h5,.h5,58458112,58683112,False,True,False,False,False,preprocessed_hdf5,"TRUNCATED - unar decoder failure, see decision_log.md"
DEJA-VU/preprocessed/clean_P026_S001.h5,clean_P026_S001.h5,.h5,58982400,59201200,False,True,False,False,False,preprocessed_hdf5,"TRUNCATED - unar decoder failure, see decision_log.md"
DEJA-VU/preprocessed/clean_P027_S001.h5,clean_P027_S001.h5,.h5,63069224,63069224,True,True,False,False,False,preprocessed_hdf5,
DEJA-VU/preprocessed/clean_P028_S001.h5,clean_P028_S001.h5,.h5,63322192,63322192,True,True,False,False,False,preprocessed_hdf5,
DEJA-VU/raw/sub-P001/ses-S001/eeg/sub-P001_ses-S001_task-Default_run-001_eeg.xdf,sub-P001_ses-S001_task-Default_run-001_eeg.xdf,.xdf,60728626,60728626,True,True,False,False,False,raw_xdf,
DEJA-VU/raw/sub-P001/ses-S002/eeg/sub-P001_ses-S002_task-Default_run-001_eeg.xdf,sub-P001_ses-S002_task-Default_run-001_eeg.xdf,.xdf,52206300,52206300,True,True,False,False,False,raw_xdf,
DEJA-VU/raw/sub-P002/ses-S001/eeg/sub-P002_ses-S001_task-Default_run-001_eeg.xdf,sub-P002_ses-S001_task-Default_run-001_eeg.xdf,.xdf,54746174,54746174,True,True,False,False,False,raw_xdf,
DEJA-VU/raw/sub-P002/ses-S002/eeg/sub-P002_ses-S002_task-Default_run-001_eeg.xdf,sub-P002_ses-S002_task-Default_run-001_eeg.xdf,.xdf,62237640,62237640,True,True,False,False,False,raw_xdf,
DEJA-VU/raw/sub-P003/ses-S001/eeg/sub-P003_ses-S001_task-Default_run-001_eeg.xdf,sub-P003_ses-S001_task-Default_run-001_eeg.xdf,.xdf,59581907,59581907,True,True,False,False,False,raw_xdf,
DEJA-VU/raw/sub-P004/ses-S001/eeg/sub-P004_ses-S001_task-Default_run-001_eeg.xdf,sub-P004_ses-S001_task-Default_run-001_eeg.xdf,.xdf,60705529,60705529,True,True,False,False,False,raw_xdf,
DEJA-VU/raw/sub-P005/ses-S001/eeg/sub-P005_ses-S001_task-Default_run-001_eeg.xdf,sub-P005_ses-S001_task-Default_run-001_eeg.xdf,.xdf,58880564,58880564,True,True,False,False,False,raw_xdf,
DEJA-VU/raw/sub-P006/ses-S001/eeg/sub-P006_ses-S001_task-Default_run-001_eeg.xdf,sub-P006_ses-S001_task-Default_run-001_eeg.xdf,.xdf,59226602,59226602,True,True,False,False,False,raw_xdf,
DEJA-VU/raw/sub-P007/ses-S001/eeg/sub-P007_ses-S001_task-Default_run-001_eeg.xdf,sub-P007_ses-S001_task-Default_run-001_eeg.xdf,.xdf,60001363,60001363,True,True,False,False,False,raw_xdf,
DEJA-VU/raw/sub-P007/ses-S002/eeg/sub-P007_ses-S002_task-Default_run-001_eeg.xdf,sub-P007_ses-S002_task-Default_run-001_eeg.xdf,.xdf,58637587,58637587,True,True,False,False,False,raw_xdf,
DEJA-VU/raw/sub-P008/ses-S001/eeg/sub-P008_ses-S001_task-Default_run-001_eeg.xdf,sub-P008_ses-S001_task-Default_run-001_eeg.xdf,.xdf,61463676,61463676,True,True,False,False,False,raw_xdf,
DEJA-VU/raw/sub-P009/ses-S001/eeg/sub-P009_ses-S001_task-Default_run-001_eeg.xdf,sub-P009_ses-S001_task-Default_run-001_eeg.xdf,.xdf,60464635,60464635,True,True,False,False,False,raw_xdf,
DEJA-VU/raw/sub-P009/ses-S002/eeg/sub-P009_ses-S002_task-Default_run-001_eeg.xdf,sub-P009_ses-S002_task-Default_run-001_eeg.xdf,.xdf,57565276,57565276,True,True,False,False,False,raw_xdf,
DEJA-VU/raw/sub-P010/ses-S001/eeg/sub-P010_ses-S001_task-Default_run-001_eeg.xdf,sub-P010_ses-S001_task-Default_run-001_eeg.xdf,.xdf,58734797,58734797,True,True,False,False,False,raw_xdf,
DEJA-VU/raw/sub-P011/ses-S001/eeg/sub-P011_ses-S001_task-Default_run-001_eeg.xdf,sub-P011_ses-S001_task-Default_run-001_eeg.xdf,.xdf,64208586,64208586,True,True,False,False,False,raw_xdf,
DEJA-VU/raw/sub-P011/ses-S002/eeg/sub-P011_ses-S002_task-Default_run-001_eeg.xdf,sub-P011_ses-S002_task-Default_run-001_eeg.xdf,.xdf,58297621,58297621,True,True,False,False,False,raw_xdf,
DEJA-VU/raw/sub-P012/ses-S001/eeg/sub-P012_ses-S001_task-Default_run-001_eeg.xdf,sub-P012_ses-S001_task-Default_run-001_eeg.xdf,.xdf,58078183,58078183,True,True,False,False,False,raw_xdf,
DEJA-VU/raw/sub-P013/ses-S001/eeg/sub-P013_ses-S001_task-Default_run-001_eeg.xdf,sub-P013_ses-S001_task-Default_run-001_eeg.xdf,.xdf,59569838,59569838,True,True,False,False,False,raw_xdf,
DEJA-VU/raw/sub-P014/ses-S001/eeg/sub-P014_ses-S001_task-Default_run-001_eeg.xdf,sub-P014_ses-S001_task-Default_run-001_eeg.xdf,.xdf,59640127,59640127,True,True,False,False,False,raw_xdf,
DEJA-VU/raw/sub-P015/ses-S001/eeg/sub-P015_ses-S001_task-Default_run-001_eeg.xdf,sub-P015_ses-S001_task-Default_run-001_eeg.xdf,.xdf,56374848,56374848,True,True,False,False,False,raw_xdf,
DEJA-VU/raw/sub-P016/ses-S001/eeg/sub-P016_ses-S001_task-Default_run-001_eeg.xdf,sub-P016_ses-S001_task-Default_run-001_eeg.xdf,.xdf,57614212,57614212,True,True,False,False,False,raw_xdf,
DEJA-VU/raw/sub-P017/ses-S001/eeg/sub-P017_ses-S001_task-Default_run-001_eeg.xdf,sub-P017_ses-S001_task-Default_run-001_eeg.xdf,.xdf,55228582,55228582,True,True,False,False,False,raw_xdf,
DEJA-VU/raw/sub-P017/ses-S002/eeg/sub-P666_ses-S001_task-Default_run-001_eeg.xdf,sub-P666_ses-S001_task-Default_run-001_eeg.xdf,.xdf,59461759,59461759,True,True,False,False,False,raw_xdf,
DEJA-VU/raw/sub-P018/ses-S001/eeg/sub-P018_ses-S001_task-Default_run-001_eeg.xdf,sub-P018_ses-S001_task-Default_run-001_eeg.xdf,.xdf,61245375,61245375,True,True,False,False,False,raw_xdf,
DEJA-VU/raw/sub-P019/ses-S001/eeg/sub-P019_ses-S001_task-Default_run-001_eeg.xdf,sub-P019_ses-S001_task-Default_run-001_eeg.xdf,.xdf,43593093,43593093,True,True,False,False,False,raw_xdf,
DEJA-VU/raw/sub-P020/ses-S001/eeg/sub-P020_ses-S001_task-Default_run-001_eeg.xdf,sub-P020_ses-S001_task-Default_run-001_eeg.xdf,.xdf,61175975,61175975,True,True,False,False,False,raw_xdf,
DEJA-VU/raw/sub-P021/ses-S001/eeg/sub-P021_ses-S001_task-Default_run-001_eeg.xdf,sub-P021_ses-S001_task-Default_run-001_eeg.xdf,.xdf,58425967,58425967,True,True,False,False,False,raw_xdf,
DEJA-VU/raw/sub-P022/ses-S001/eeg/sub-P022_ses-S001_task-Default_run-001_eeg.xdf,sub-P022_ses-S001_task-Default_run-001_eeg.xdf,.xdf,60122907,60122907,True,True,False,False,False,raw_xdf,
DEJA-VU/raw/sub-P023/ses-S001/eeg/sub-P023_ses-S001_task-Default_run-001_eeg.xdf,sub-P023_ses-S001_task-Default_run-001_eeg.xdf,.xdf,60600032,60600032,True,True,False,False,False,raw_xdf,
DEJA-VU/raw/sub-P024/ses-S001/eeg/sub-P024_ses-S001_task-Default_run-001_eeg.xdf,sub-P024_ses-S001_task-Default_run-001_eeg.xdf,.xdf,58125703,58125703,True,True,False,False,False,raw_xdf,
DEJA-VU/raw/sub-P025/ses-S001/eeg/sub-P025_ses-S001_task-Default_run-001_eeg.xdf,sub-P025_ses-S001_task-Default_run-001_eeg.xdf,.xdf,54837799,54837799,True,True,False,False,False,raw_xdf,
DEJA-VU/raw/sub-P026/ses-S001/eeg/sub-P026_ses-S001_task-Default_run-001_eeg.xdf,sub-P026_ses-S001_task-Default_run-001_eeg.xdf,.xdf,55313025,55313025,True,True,False,False,False,raw_xdf,
DEJA-VU/raw/sub-P027/ses-S001/eeg/sub-P027_ses-S001_task-Default_run-001_eeg.xdf,sub-P027_ses-S001_task-Default_run-001_eeg.xdf,.xdf,58935256,58935256,True,True,False,False,False,raw_xdf,
DEJA-VU/raw/sub-P028/ses-S001/eeg/sub-P028_ses-S001_task-Default_run-001_eeg.xdf,sub-P028_ses-S001_task-Default_run-001_eeg.xdf,.xdf,59172566,59172566,True,True,False,False,False,raw_xdf,
DEJA-VU/segments/sub-P001/S001_neutral_baseline.h5,S001_neutral_baseline.h5,.h5,8040123,8040123,True,True,False,False,False,segment_file,
DEJA-VU/segments/sub-P001/S001_quadrant_A_pos4.h5,S001_quadrant_A_pos4.h5,.h5,5717748,5717748,True,True,False,False,False,segment_file,
DEJA-VU/segments/sub-P001/S001_quadrant_B_pos3.h5,S001_quadrant_B_pos3.h5,.h5,9430742,9430742,True,True,False,False,False,segment_file,
DEJA-VU/segments/sub-P001/S001_quadrant_C_pos2.h5,S001_quadrant_C_pos2.h5,.h5,7921013,7921013,True,True,False,False,False,segment_file,
DEJA-VU/segments/sub-P001/S001_transition_B_to_A_period.h5,S001_transition_B_to_A_period.h5,.h5,5767168,5862657,False,True,False,False,False,segment_file,"TRUNCATED - unar decoder failure, see decision_log.md"
DEJA-VU/segments/sub-P001/S001_transition_C_to_B_period.h5,S001_transition_C_to_B_period.h5,.h5,5767168,5851428,False,True,False,False,False,segment_file,"TRUNCATED - unar decoder failure, see decision_log.md"
DEJA-VU/segments/sub-P001/S001_transition_D_to_C_period.h5,S001_transition_D_to_C_period.h5,.h5,5854086,5854086,True,True,False,False,False,segment_file,
DEJA-VU/segments/sub-P001/S002_neutral_baseline.h5,S002_neutral_baseline.h5,.h5,8075775,8075775,True,True,False,False,False,segment_file,
DEJA-VU/segments/sub-P001/S002_quadrant_A_pos4.h5,S002_quadrant_A_pos4.h5,.h5,6439263,6439263,True,True,False,False,False,segment_file,
DEJA-VU/segments/sub-P001/S002_quadrant_B_pos2.h5,S002_quadrant_B_pos2.h5,.h5,4470692,4470692,True,True,False,False,False,segment_file,
DEJA-VU/segments/sub-P001/S002_quadrant_C_pos3.h5,S002_quadrant_C_pos3.h5,.h5,5607470,5607470,True,True,False,False,False,segment_file,
DEJA-VU/segments/sub-P001/S002_transition_B_to_C_period.h5,S002_transition_B_to_C_period.h5,.h5,5873489,5873489,True,True,False,False,False,segment_file,
DEJA-VU/segments/sub-P001/S002_transition_C_to_A_period.h5,S002_transition_C_to_A_period.h5,.h5,5869730,5869730,True,True,False,False,False,segment_file,
DEJA-VU/segments/sub-P001/S002_transition_D_to_B_period.h5,S002_transition_D_to_B_period.h5,.h5,5869325,5869325,True,True,False,False,False,segment_file,
DEJA-VU/segments/sub-P002/S001_neutral_baseline.h5,S001_neutral_baseline.h5,.h5,7967667,7967667,True,True,False,False,False,segment_file,
DEJA-VU/segments/sub-P002/S001_quadrant_A_pos3.h5,S001_quadrant_A_pos3.h5,.h5,6964124,6964124,True,True,False,False,False,segment_file,
DEJA-VU/segments/sub-P002/S001_quadrant_B_pos2.h5,S001_quadrant_B_pos2.h5,.h5,7340032,7507408,False,True,False,False,False,segment_file,"TRUNCATED - unar decoder failure, see decision_log.md"
DEJA-VU/segments/sub-P002/S001_quadrant_C_pos4.h5,S001_quadrant_C_pos4.h5,.h5,6270530,6270530,True,True,False,False,False,segment_file,
DEJA-VU/segments/sub-P002/S001_transition_A_to_C_period.h5,S001_transition_A_to_C_period.h5,.h5,5843809,5843809,True,True,False,False,False,segment_file,
DEJA-VU/segments/sub-P002/S001_transition_B_to_A_period.h5,S001_transition_B_to_A_period.h5,.h5,5838240,5838240,True,True,False,False,False,segment_file,
DEJA-VU/segments/sub-P002/S001_transition_D_to_B_period.h5,S001_transition_D_to_B_period.h5,.h5,5827630,5827630,True,True,False,False,False,segment_file,
DEJA-VU/segments/sub-P002/S002_neutral_baseline.h5,S002_neutral_baseline.h5,.h5,8105110,8105110,True,True,False,False,False,segment_file,
DEJA-VU/segments/sub-P002/S002_quadrant_A_pos2.h5,S002_quadrant_A_pos2.h5,.h5,7573777,7573777,True,True,False,False,False,segment_file,
DEJA-VU/segments/sub-P002/S002_quadrant_B_pos3.h5,S002_quadrant_B_pos3.h5,.h5,9500488,9500488,True,True,False,False,False,segment_file,
DEJA-VU/segments/sub-P002/S002_quadrant_C_pos4.h5,S002_quadrant_C_pos4.h5,.h5,8791563,8791563,True,True,False,False,False,segment_file,
DEJA-VU/segments/sub-P002/S002_transition_A_to_B_period.h5,S002_transition_A_to_B_period.h5,.h5,5505024,5902238,False,True,False,False,False,segment_file,"TRUNCATED - unar decoder failure, see decision_log.md"
DEJA-VU/segments/sub-P002/S002_transition_B_to_C_period.h5,S002_transition_B_to_C_period.h5,.h5,5899923,5899923,True,True,False,False,False,segment_file,
DEJA-VU/segments/sub-P002/S002_transition_D_to_A_period.h5,S002_transition_D_to_A_period.h5,.h5,5888338,5888338,True,True,False,False,False,segment_file,
DEJA-VU/segments/sub-P003/S001_neutral_baseline.h5,S001_neutral_baseline.h5,.h5,7968210,7968210,True,True,False,False,False,segment_file,
DEJA-VU/segments/sub-P003/S001_quadrant_A_pos2.h5,S001_quadrant_A_pos2.h5,.h5,7584217,7584217,True,True,False,False,False,segment_file,
DEJA-VU/segments/sub-P003/S001_quadrant_B_pos4.h5,S001_quadrant_B_pos4.h5,.h5,7077888,7211006,False,True,False,False,False,segment_file,"TRUNCATED - unar decoder failure, see decision_log.md"
DEJA-VU/segments/sub-P003/S001_quadrant_C_pos3.h5,S001_quadrant_C_pos3.h5,.h5,8659396,8659396,True,True,False,False,False,segment_file,
DEJA-VU/segments/sub-P003/S001_transition_A_to_C_period.h5,S001_transition_A_to_C_period.h5,.h5,5831048,5831048,True,True,False,False,False,segment_file,
DEJA-VU/segments/sub-P003/S001_transition_C_to_B_period.h5,S001_transition_C_to_B_period.h5,.h5,5826758,5826758,True,True,False,False,False,segment_file,
DEJA-VU/segments/sub-P003/S001_transition_D_to_A_period.h5,S001_transition_D_to_A_period.h5,.h5,5814344,5814344,True,True,False,False,False,segment_file,
DEJA-VU/segments/sub-P004/S001_neutral_baseline.h5,S001_neutral_baseline.h5,.h5,8340386,8340386,True,True,False,False,False,segment_file,
DEJA-VU/segments/sub-P004/S001_quadrant_A_pos3.h5,S001_quadrant_A_pos3.h5,.h5,7240402,7240402,True,True,False,False,False,segment_file,
DEJA-VU/segments/sub-P004/S001_quadrant_B_pos2.h5,S001_quadrant_B_pos2.h5,.h5,9784003,9784003,True,True,False,False,False,segment_file,
DEJA-VU/segments/sub-P004/S001_quadrant_C_pos4.h5,S001_quadrant_C_pos4.h5,.h5,8126464,8208859,False,True,False,False,False,segment_file,"TRUNCATED - unar decoder failure, see decision_log.md"
DEJA-VU/segments/sub-P004/S001_transition_A_to_C_period.h5,S001_transition_A_to_C_period.h5,.h5,6074636,6074636,True,True,False,False,False,segment_file,
DEJA-VU/segments/sub-P004/S001_transition_B_to_A_period.h5,S001_transition_B_to_A_period.h5,.h5,6074531,6074531,True,True,False,False,False,segment_file,
DEJA-VU/segments/sub-P004/S001_transition_D_to_B_period.h5,S001_transition_D_to_B_period.h5,.h5,6070103,6070103,True,True,False,False,False,segment_file,
DEJA-VU/segments/sub-P005/S001_neutral_baseline.h5,S001_neutral_baseline.h5,.h5,8082711,8082711,True,True,False,False,False,segment_file,
DEJA-VU/segments/sub-P005/S001_quadrant_A_pos2.h5,S001_quadrant_A_pos2.h5,.h5,5753583,5753583,True,True,False,False,False,segment_file,
DEJA-VU/segments/sub-P005/S001_quadrant_B_pos4.h5,S001_quadrant_B_pos4.h5,.h5,9697278,9697278,True,True,False,False,False,segment_file,
DEJA-VU/segments/sub-P005/S001_quadrant_C_pos3.h5,S001_quadrant_C_pos3.h5,.h5,7982557,7982557,True,True,False,False,False,segment_file,
DEJA-VU/segments/sub-P005/S001_transition_A_to_C_period.h5,S001_transition_A_to_C_period.h5,.h5,5896792,5896792,True,True,False,False,False,segment_file,
DEJA-VU/segments/sub-P005/S001_transition_C_to_B_period.h5,S001_transition_C_to_B_period.h5,.h5,5900437,5900437,True,True,False,False,False,segment_file,
DEJA-VU/segments/sub-P005/S001_transition_D_to_A_period.h5,S001_transition_D_to_A_period.h5,.h5,5879077,5879077,True,True,False,False,False,segment_file,
DEJA-VU/segments/sub-P006/S001_neutral_baseline.h5,S001_neutral_baseline.h5,.h5,8064227,8064227,True,True,False,False,False,segment_file,
DEJA-VU/segments/sub-P006/S001_quadrant_A_pos2.h5,S001_quadrant_A_pos2.h5,.h5,7646950,7646950,True,True,False,False,False,segment_file,
DEJA-VU/segments/sub-P006/S001_quadrant_B_pos4.h5,S001_quadrant_B_pos4.h5,.h5,7077888,7256217,False,True,False,False,False,segment_file,"TRUNCATED - unar decoder failure, see decision_log.md"
DEJA-VU/segments/sub-P006/S001_quadrant_C_pos3.h5,S001_quadrant_C_pos3.h5,.h5,7945676,7945676,True,True,False,False,False,segment_file,
DEJA-VU/segments/sub-P006/S001_transition_A_to_C_period.h5,S001_transition_A_to_C_period.h5,.h5,5767168,5872827,False,True,False,False,False,segment_file,"TRUNCATED - unar decoder failure, see decision_log.md"
DEJA-VU/segments/sub-P006/S001_transition_C_to_B_period.h5,S001_transition_C_to_B_period.h5,.h5,5767168,5868710,False,True,False,False,False,segment_file,"TRUNCATED - unar decoder failure, see decision_log.md"
DEJA-VU/segments/sub-P006/S001_transition_D_to_A_period.h5,S001_transition_D_to_A_period.h5,.h5,5871582,5871582,True,True,False,False,False,segment_file,
DEJA-VU/segments/sub-P007/S001_neutral_baseline.h5,S001_neutral_baseline.h5,.h5,8030869,8030869,True,True,False,False,False,segment_file,
DEJA-VU/segments/sub-P007/S001_quadrant_A_pos4.h5,S001_quadrant_A_pos4.h5,.h5,7536636,7536636,True,True,False,False,False,segment_file,
DEJA-VU/segments/sub-P007/S001_quadrant_B_pos2.h5,S001_quadrant_B_pos2.h5,.h5,7543139,7543139,True,True,False,False,False,segment_file,
DEJA-VU/segments/sub-P007/S001_quadrant_C_pos3.h5,S001_quadrant_C_pos3.h5,.h5,8711972,8711972,True,True,False,False,False,segment_file,
DEJA-VU/segments/sub-P007/S001_transition_B_to_C_period.h5,S001_transition_B_to_C_period.h5,.h5,5869564,5869564,True,True,False,False,False,segment_file,
DEJA-VU/segments/sub-P007/S001_transition_C_to_A_period.h5,S001_transition_C_to_A_period.h5,.h5,5868059,5868059,True,True,False,False,False,segment_file,
DEJA-VU/segments/sub-P007/S001_transition_D_to_B_period.h5,S001_transition_D_to_B_period.h5,.h5,5854624,5854624,True,True,False,False,False,segment_file,
DEJA-VU/segments/sub-P007/S002_neutral_baseline.h5,S002_neutral_baseline.h5,.h5,8135548,8135548,True,True,False,False,False,segment_file,
DEJA-VU/segments/sub-P007/S002_quadrant_A_pos2.h5,S002_quadrant_A_pos2.h5,.h5,7097850,7097850,True,True,False,False,False,segment_file,
DEJA-VU/segments/sub-P007/S002_quadrant_B_pos3.h5,S002_quadrant_B_pos3.h5,.h5,9813129,9813129,True,True,False,False,False,segment_file,
DEJA-VU/segments/sub-P007/S002_quadrant_C_pos4.h5,S002_quadrant_C_pos4.h5,.h5,6444736,6444736,True,True,False,False,False,segment_file,
DEJA-VU/segments/sub-P007/S002_transition_A_to_B_period.h5,S002_transition_A_to_B_period.h5,.h5,5976464,5976464,True,True,False,False,False,segment_file,
DEJA-VU/segments/sub-P007/S002_transition_B_to_C_period.h5,S002_transition_B_to_C_period.h5,.h5,5976079,5976079,True,True,False,False,False,segment_file,
DEJA-VU/segments/sub-P007/S002_transition_D_to_A_period.h5,S002_transition_D_to_A_period.h5,.h5,5945064,5945064,True,True,False,False,False,segment_file,
DEJA-VU/segments/sub-P008/S001_neutral_baseline.h5,S001_neutral_baseline.h5,.h5,7975455,7975455,True,True,False,False,False,segment_file,
DEJA-VU/segments/sub-P008/S001_quadrant_A_pos4.h5,S001_quadrant_A_pos4.h5,.h5,7538585,7538585,True,True,False,False,False,segment_file,
DEJA-VU/segments/sub-P008/S001_quadrant_B_pos3.h5,S001_quadrant_B_pos3.h5,.h5,7238636,7238636,True,True,False,False,False,segment_file,
DEJA-VU/segments/sub-P008/S001_quadrant_C_pos2.h5,S001_quadrant_C_pos2.h5,.h5,8650752,8678282,False,True,False,False,False,segment_file,"TRUNCATED - unar decoder failure, see decision_log.md"
DEJA-VU/segments/sub-P008/S001_transition_B_to_A_period.h5,S001_transition_B_to_A_period.h5,.h5,5856390,5856390,True,True,False,False,False,segment_file,
DEJA-VU/segments/sub-P008/S001_transition_C_to_B_period.h5,S001_transition_C_to_B_period.h5,.h5,5856567,5856567,True,True,False,False,False,segment_file,
DEJA-VU/segments/sub-P008/S001_transition_D_to_C_period.h5,S001_transition_D_to_C_period.h5,.h5,5835482,5835482,True,True,False,False,False,segment_file,
DEJA-VU/segments/sub-P009/S001_neutral_baseline.h5,S001_neutral_baseline.h5,.h5,7864320,8027903,False,True,False,False,False,segment_file,"TRUNCATED - unar decoder failure, see decision_log.md"
DEJA-VU/segments/sub-P009/S001_quadrant_A_pos4.h5,S001_quadrant_A_pos4.h5,.h5,7602176,7633578,False,True,False,False,False,segment_file,"TRUNCATED - unar decoder failure, see decision_log.md"
DEJA-VU/segments/sub-P009/S001_quadrant_B_pos3.h5,S001_quadrant_B_pos3.h5,.h5,7534941,7534941,True,True,False,False,False,segment_file,
DEJA-VU/segments/sub-P009/S001_quadrant_C_pos2.h5,S001_quadrant_C_pos2.h5,.h5,8689091,8689091,True,True,False,False,False,segment_file,
DEJA-VU/segments/sub-P009/S001_transition_B_to_A_period.h5,S001_transition_B_to_A_period.h5,.h5,5858654,5858654,True,True,False,False,False,segment_file,
DEJA-VU/segments/sub-P009/S001_transition_C_to_B_period.h5,S001_transition_C_to_B_period.h5,.h5,5868755,5868755,True,True,False,False,False,segment_file,
DEJA-VU/segments/sub-P009/S001_transition_D_to_C_period.h5,S001_transition_D_to_C_period.h5,.h5,5842610,5842610,True,True,False,False,False,segment_file,
DEJA-VU/segments/sub-P009/S002_neutral_baseline.h5,S002_neutral_baseline.h5,.h5,8331817,8331817,True,True,False,False,False,segment_file,
DEJA-VU/segments/sub-P009/S002_quadrant_A_pos4.h5,S002_quadrant_A_pos4.h5,.h5,7221200,7221200,True,True,False,False,False,segment_file,
DEJA-VU/segments/sub-P009/S002_quadrant_B_pos2.h5,S002_quadrant_B_pos2.h5,.h5,9940913,9940913,True,True,False,False,False,segment_file,
DEJA-VU/segments/sub-P009/S002_quadrant_C_pos3.h5,S002_quadrant_C_pos3.h5,.h5,6291456,6499610,False,True,False,False,False,segment_file,"TRUNCATED - unar decoder failure, see decision_log.md"
DEJA-VU/segments/sub-P009/S002_transition_B_to_C_period.h5,S002_transition_B_to_C_period.h5,.h5,6029312,6053502,False,True,False,False,False,segment_file,"TRUNCATED - unar decoder failure, see decision_log.md"
DEJA-VU/segments/sub-P009/S002_transition_C_to_A_period.h5,S002_transition_C_to_A_period.h5,.h5,6055628,6055628,True,True,False,False,False,segment_file,
DEJA-VU/segments/sub-P009/S002_transition_D_to_B_period.h5,S002_transition_D_to_B_period.h5,.h5,6029312,6061842,False,True,False,False,False,segment_file,"TRUNCATED - unar decoder failure, see decision_log.md"
DEJA-VU/segments/sub-P010/S001_neutral_baseline.h5,S001_neutral_baseline.h5,.h5,8089072,8089072,True,True,False,False,False,segment_file,
DEJA-VU/segments/sub-P010/S001_quadrant_A_pos2.h5,S001_quadrant_A_pos2.h5,.h5,7658406,7658406,True,True,False,False,False,segment_file,
DEJA-VU/segments/sub-P010/S001_quadrant_B_pos3.h5,S001_quadrant_B_pos3.h5,.h5,7290420,7290420,True,True,False,False,False,segment_file,
DEJA-VU/segments/sub-P010/S001_quadrant_C_pos4.h5,S001_quadrant_C_pos4.h5,.h5,8003144,8003144,True,True,False,False,False,segment_file,
DEJA-VU/segments/sub-P010/S001_transition_A_to_B_period.h5,S001_transition_A_to_B_period.h5,.h5,5909803,5909803,True,True,False,False,False,segment_file,
DEJA-VU/segments/sub-P010/S001_transition_B_to_C_period.h5,S001_transition_B_to_C_period.h5,.h5,5767168,5897313,False,True,False,False,False,segment_file,"TRUNCATED - unar decoder failure, see decision_log.md"
DEJA-VU/segments/sub-P010/S001_transition_D_to_A_period.h5,S001_transition_D_to_A_period.h5,.h5,5879799,5879799,True,True,False,False,False,segment_file,
DEJA-VU/segments/sub-P011/S001_neutral_baseline.h5,S001_neutral_baseline.h5,.h5,8028014,8028014,True,True,False,False,False,segment_file,
DEJA-VU/segments/sub-P011/S001_quadrant_A_pos2.h5,S001_quadrant_A_pos2.h5,.h5,7537425,7537425,True,True,False,False,False,segment_file,
DEJA-VU/segments/sub-P011/S001_quadrant_B_pos3.h5,S001_quadrant_B_pos3.h5,.h5,9619042,9619042,True,True,False,False,False,segment_file,
DEJA-VU/segments/sub-P011/S001_quadrant_C_pos4.h5,S001_quadrant_C_pos4.h5,.h5,8723769,8723769,True,True,False,False,False,segment_file,
DEJA-VU/segments/sub-P011/S001_transition_A_to_B_period.h5,S001_transition_A_to_B_period.h5,.h5,5866831,5866831,True,True,False,False,False,segment_file,
DEJA-VU/segments/sub-P011/S001_transition_B_to_C_period.h5,S001_transition_B_to_C_period.h5,.h5,5867156,5867156,True,True,False,False,False,segment_file,
DEJA-VU/segments/sub-P011/S001_transition_D_to_A_period.h5,S001_transition_D_to_A_period.h5,.h5,5852285,5852285,True,True,False,False,False,segment_file,
DEJA-VU/segments/sub-P011/S002_neutral_baseline.h5,S002_neutral_baseline.h5,.h5,7969034,7969034,True,True,False,False,False,segment_file,
DEJA-VU/segments/sub-P011/S002_quadrant_A_pos2.h5,S002_quadrant_A_pos2.h5,.h5,5666118,5666118,True,True,False,False,False,segment_file,
DEJA-VU/segments/sub-P011/S002_quadrant_B_pos4.h5,S002_quadrant_B_pos4.h5,.h5,9351249,9351249,True,True,False,False,False,segment_file,
DEJA-VU/segments/sub-P011/S002_quadrant_C_pos3.h5,S002_quadrant_C_pos3.h5,.h5,7848711,7848711,True,True,False,False,False,segment_file,
DEJA-VU/segments/sub-P011/S002_transition_A_to_C_period.h5,S002_transition_A_to_C_period.h5,.h5,5767168,5807733,False,True,False,False,False,segment_file,"TRUNCATED - unar decoder failure, see decision_log.md"
DEJA-VU/segments/sub-P011/S002_transition_C_to_B_period.h5,S002_transition_C_to_B_period.h5,.h5,5811937,5811937,True,True,False,False,False,segment_file,
DEJA-VU/segments/sub-P011/S002_transition_D_to_A_period.h5,S002_transition_D_to_A_period.h5,.h5,5800600,5800600,True,True,False,False,False,segment_file,
DEJA-VU/segments/sub-P012/S001_neutral_baseline.h5,S001_neutral_baseline.h5,.h5,8013628,8013628,True,True,False,False,False,segment_file,
DEJA-VU/segments/sub-P012/S001_quadrant_A_pos4.h5,S001_quadrant_A_pos4.h5,.h5,7582405,7582405,True,True,False,False,False,segment_file,
DEJA-VU/segments/sub-P012/S001_quadrant_B_pos3.h5,S001_quadrant_B_pos3.h5,.h5,7497043,7497043,True,True,False,False,False,segment_file,
DEJA-VU/segments/sub-P012/S001_quadrant_C_pos2.h5,S001_quadrant_C_pos2.h5,.h5,7873912,7873912,True,True,False,False,False,segment_file,
DEJA-VU/segments/sub-P012/S001_transition_B_to_A_period.h5,S001_transition_B_to_A_period.h5,.h5,5824827,5824827,True,True,False,False,False,segment_file,
DEJA-VU/segments/sub-P012/S001_transition_C_to_B_period.h5,S001_transition_C_to_B_period.h5,.h5,5821702,5821702,True,True,False,False,False,segment_file,
DEJA-VU/segments/sub-P012/S001_transition_D_to_C_period.h5,S001_transition_D_to_C_period.h5,.h5,5821896,5821896,True,True,False,False,False,segment_file,
DEJA-VU/segments/sub-P013/S001_neutral_baseline.h5,S001_neutral_baseline.h5,.h5,8001571,8001571,True,True,False,False,False,segment_file,
DEJA-VU/segments/sub-P013/S001_quadrant_A_pos3.h5,S001_quadrant_A_pos3.h5,.h5,7524257,7524257,True,True,False,False,False,segment_file,
DEJA-VU/segments/sub-P013/S001_quadrant_B_pos2.h5,S001_quadrant_B_pos2.h5,.h5,7521635,7521635,True,True,False,False,False,segment_file,
DEJA-VU/segments/sub-P013/S001_quadrant_C_pos4.h5,S001_quadrant_C_pos4.h5,.h5,8705131,8705131,True,True,False,False,False,segment_file,
DEJA-VU/segments/sub-P013/S001_transition_A_to_C_period.h5,S001_transition_A_to_C_period.h5,.h5,5848180,5848180,True,True,False,False,False,segment_file,
DEJA-VU/segments/sub-P013/S001_transition_B_to_A_period.h5,S001_transition_B_to_A_period.h5,.h5,5845560,5845560,True,True,False,False,False,segment_file,
DEJA-VU/segments/sub-P013/S001_transition_D_to_B_period.h5,S001_transition_D_to_B_period.h5,.h5,5836784,5836784,True,True,False,False,False,segment_file,
DEJA-VU/segments/sub-P014/S001_neutral_baseline.h5,S001_neutral_baseline.h5,.h5,8019759,8019759,True,True,False,False,False,segment_file,
DEJA-VU/segments/sub-P014/S001_quadrant_A_pos3.h5,S001_quadrant_A_pos3.h5,.h5,7631932,7631932,True,True,False,False,False,segment_file,
DEJA-VU/segments/sub-P014/S001_quadrant_B_pos2.h5,S001_quadrant_B_pos2.h5,.h5,9596471,9596471,True,True,False,False,False,segment_file,
DEJA-VU/segments/sub-P014/S001_quadrant_C_pos4.h5,S001_quadrant_C_pos4.h5,.h5,6300826,6300826,True,True,False,False,False,segment_file,
DEJA-VU/segments/sub-P014/S001_transition_A_to_C_period.h5,S001_transition_A_to_C_period.h5,.h5,5870799,5870799,True,True,False,False,False,segment_file,
DEJA-VU/segments/sub-P014/S001_transition_B_to_A_period.h5,S001_transition_B_to_A_period.h5,.h5,5866276,5866276,True,True,False,False,False,segment_file,
DEJA-VU/segments/sub-P014/S001_transition_D_to_B_period.h5,S001_transition_D_to_B_period.h5,.h5,5849051,5849051,True,True,False,False,False,segment_file,
DEJA-VU/segments/sub-P015/S001_neutral_baseline.h5,S001_neutral_baseline.h5,.h5,8115166,8115166,True,True,False,False,False,segment_file,
DEJA-VU/segments/sub-P015/S001_quadrant_A_pos3.h5,S001_quadrant_A_pos3.h5,.h5,7122428,7122428,True,True,False,False,False,segment_file,
DEJA-VU/segments/sub-P015/S001_quadrant_B_pos4.h5,S001_quadrant_B_pos4.h5,.h5,7704220,7704220,True,True,False,False,False,segment_file,
DEJA-VU/segments/sub-P015/S001_quadrant_C_pos2.h5,S001_quadrant_C_pos2.h5,.h5,6381908,6381908,True,True,False,False,False,segment_file,
DEJA-VU/segments/sub-P015/S001_transition_A_to_B_period.h5,S001_transition_A_to_B_period.h5,.h5,5978046,5978046,True,True,False,False,False,segment_file,
DEJA-VU/segments/sub-P015/S001_transition_C_to_A_period.h5,S001_transition_C_to_A_period.h5,.h5,5767168,5970348,False,True,False,False,False,segment_file,"TRUNCATED - unar decoder failure, see decision_log.md"
DEJA-VU/segments/sub-P015/S001_transition_D_to_C_period.h5,S001_transition_D_to_C_period.h5,.h5,5933588,5933588,True,True,False,False,False,segment_file,
DEJA-VU/segments/sub-P016/S001_neutral_baseline.h5,S001_neutral_baseline.h5,.h5,8128260,8128260,True,True,False,False,False,segment_file,
DEJA-VU/segments/sub-P016/S001_quadrant_A_pos4.h5,S001_quadrant_A_pos4.h5,.h5,7074152,7074152,True,True,False,False,False,segment_file,
DEJA-VU/segments/sub-P016/S001_quadrant_B_pos2.h5,S001_quadrant_B_pos2.h5,.h5,7634789,7634789,True,True,False,False,False,segment_file,
DEJA-VU/segments/sub-P016/S001_quadrant_C_pos3.h5,S001_quadrant_C_pos3.h5,.h5,8042464,8042464,True,True,False,False,False,segment_file,
DEJA-VU/segments/sub-P016/S001_transition_B_to_C_period.h5,S001_transition_B_to_C_period.h5,.h5,5940861,5940861,True,True,False,False,False,segment_file,
DEJA-VU/segments/sub-P016/S001_transition_C_to_A_period.h5,S001_transition_C_to_A_period.h5,.h5,5941388,5941388,True,True,False,False,False,segment_file,
DEJA-VU/segments/sub-P016/S001_transition_D_to_B_period.h5,S001_transition_D_to_B_period.h5,.h5,5922935,5922935,True,True,False,False,False,segment_file,
DEJA-VU/segments/sub-P017/S001_neutral_baseline.h5,S001_neutral_baseline.h5,.h5,8076505,8076505,True,True,False,False,False,segment_file,
DEJA-VU/segments/sub-P017/S001_quadrant_A_pos4.h5,S001_quadrant_A_pos4.h5,.h5,7038937,7038937,True,True,False,False,False,segment_file,
DEJA-VU/segments/sub-P017/S001_quadrant_B_pos3.h5,S001_quadrant_B_pos3.h5,.h5,7077888,7276961,False,True,False,False,False,segment_file,"TRUNCATED - unar decoder failure, see decision_log.md"
DEJA-VU/segments/sub-P017/S001_quadrant_C_pos2.h5,S001_quadrant_C_pos2.h5,.h5,6297223,6297223,True,True,False,False,False,segment_file,
DEJA-VU/segments/sub-P017/S001_transition_B_to_A_period.h5,S001_transition_B_to_A_period.h5,.h5,5895194,5895194,True,True,False,False,False,segment_file,
DEJA-VU/segments/sub-P017/S001_transition_C_to_B_period.h5,S001_transition_C_to_B_period.h5,.h5,5887408,5887408,True,True,False,False,False,segment_file,
DEJA-VU/segments/sub-P017/S001_transition_D_to_C_period.h5,S001_transition_D_to_C_period.h5,.h5,5767168,5863149,False,True,False,False,False,segment_file,"TRUNCATED - unar decoder failure, see decision_log.md"
DEJA-VU/segments/sub-P017/S002_neutral_baseline.h5,S002_neutral_baseline.h5,.h5,7978969,7978969,True,True,False,False,False,segment_file,
DEJA-VU/segments/sub-P017/S002_quadrant_A_pos3.h5,S002_quadrant_A_pos3.h5,.h5,7849494,7849494,True,True,False,False,False,segment_file,
DEJA-VU/segments/sub-P017/S002_quadrant_B_pos2.h5,S002_quadrant_B_pos2.h5,.h5,11623955,11623955,True,True,False,False,False,segment_file,
DEJA-VU/segments/sub-P017/S002_quadrant_C_pos4.h5,S002_quadrant_C_pos4.h5,.h5,5572044,5572044,True,True,False,False,False,segment_file,
DEJA-VU/segments/sub-P017/S002_transition_A_to_C_period.h5,S002_transition_A_to_C_period.h5,.h5,5838445,5838445,True,True,False,False,False,segment_file,
DEJA-VU/segments/sub-P017/S002_transition_B_to_A_period.h5,S002_transition_B_to_A_period.h5,.h5,5833987,5833987,True,True,False,False,False,segment_file,
DEJA-VU/segments/sub-P017/S002_transition_D_to_B_period.h5,S002_transition_D_to_B_period.h5,.h5,5826250,5826250,True,True,False,False,False,segment_file,
DEJA-VU/segments/sub-P018/S001_neutral_baseline.h5,S001_neutral_baseline.h5,.h5,8053217,8053217,True,True,False,False,False,segment_file,
DEJA-VU/segments/sub-P018/S001_quadrant_A_pos4.h5,S001_quadrant_A_pos4.h5,.h5,5733736,5733736,True,True,False,False,False,segment_file,
DEJA-VU/segments/sub-P018/S001_quadrant_B_pos3.h5,S001_quadrant_B_pos3.h5,.h5,7542540,7542540,True,True,False,False,False,segment_file,
DEJA-VU/segments/sub-P018/S001_quadrant_C_pos2.h5,S001_quadrant_C_pos2.h5,.h5,7934208,7934208,True,True,False,False,False,segment_file,
DEJA-VU/segments/sub-P018/S001_transition_B_to_A_period.h5,S001_transition_B_to_A_period.h5,.h5,5864057,5864057,True,True,False,False,False,segment_file,
DEJA-VU/segments/sub-P018/S001_transition_C_to_B_period.h5,S001_transition_C_to_B_period.h5,.h5,5862227,5862227,True,True,False,False,False,segment_file,
DEJA-VU/segments/sub-P018/S001_transition_D_to_C_period.h5,S001_transition_D_to_C_period.h5,.h5,5863187,5863187,True,True,False,False,False,segment_file,
DEJA-VU/segments/sub-P019/S001_neutral_baseline.h5,S001_neutral_baseline.h5,.h5,6719738,6719738,True,True,False,False,False,segment_file,
DEJA-VU/segments/sub-P019/S001_quadrant_A_pos2.h5,S001_quadrant_A_pos2.h5,.h5,6133897,6133897,True,True,False,False,False,segment_file,
DEJA-VU/segments/sub-P019/S001_quadrant_B_pos4.h5,S001_quadrant_B_pos4.h5,.h5,5822835,5822835,True,True,False,False,False,segment_file,
DEJA-VU/segments/sub-P019/S001_quadrant_C_pos3.h5,S001_quadrant_C_pos3.h5,.h5,5114928,5114928,True,True,False,False,False,segment_file,
DEJA-VU/segments/sub-P019/S001_transition_A_to_C_period.h5,S001_transition_A_to_C_period.h5,.h5,4762427,4762427,True,True,False,False,False,segment_file,
DEJA-VU/segments/sub-P019/S001_transition_C_to_B_period.h5,S001_transition_C_to_B_period.h5,.h5,4764374,4764374,True,True,False,False,False,segment_file,
DEJA-VU/segments/sub-P019/S001_transition_D_to_A_period.h5,S001_transition_D_to_A_period.h5,.h5,4760670,4760670,True,True,False,False,False,segment_file,
DEJA-VU/segments/sub-P020/S001_neutral_baseline.h5,S001_neutral_baseline.h5,.h5,7945624,7945624,True,True,False,False,False,segment_file,
DEJA-VU/segments/sub-P020/S001_quadrant_A_pos3.h5,S001_quadrant_A_pos3.h5,.h5,7551867,7551867,True,True,False,False,False,segment_file,
DEJA-VU/segments/sub-P020/S001_quadrant_B_pos2.h5,S001_quadrant_B_pos2.h5,.h5,7463153,7463153,True,True,False,False,False,segment_file,
DEJA-VU/segments/sub-P020/S001_quadrant_C_pos4.h5,S001_quadrant_C_pos4.h5,.h5,8659261,8659261,True,True,False,False,False,segment_file,
DEJA-VU/segments/sub-P020/S001_transition_A_to_C_period.h5,S001_transition_A_to_C_period.h5,.h5,5805523,5805523,True,True,False,False,False,segment_file,
DEJA-VU/segments/sub-P020/S001_transition_B_to_A_period.h5,S001_transition_B_to_A_period.h5,.h5,5806459,5806459,True,True,False,False,False,segment_file,
DEJA-VU/segments/sub-P020/S001_transition_D_to_B_period.h5,S001_transition_D_to_B_period.h5,.h5,5791748,5791748,True,True,False,False,False,segment_file,
DEJA-VU/segments/sub-P021/S001_neutral_baseline.h5,S001_neutral_baseline.h5,.h5,7726773,7726773,True,True,False,False,False,segment_file,
DEJA-VU/segments/sub-P021/S001_quadrant_A_pos3.h5,S001_quadrant_A_pos3.h5,.h5,5505024,5527961,False,True,False,False,False,segment_file,"TRUNCATED - unar decoder failure, see decision_log.md"
DEJA-VU/segments/sub-P021/S001_quadrant_B_pos2.h5,S001_quadrant_B_pos2.h5,.h5,9094295,9094295,True,True,False,False,False,segment_file,
DEJA-VU/segments/sub-P021/S001_quadrant_C_pos4.h5,S001_quadrant_C_pos4.h5,.h5,6082500,6082500,True,True,False,False,False,segment_file,
DEJA-VU/segments/sub-P021/S001_transition_A_to_C_period.h5,S001_transition_A_to_C_period.h5,.h5,5656032,5656032,True,True,False,False,False,segment_file,
DEJA-VU/segments/sub-P021/S001_transition_B_to_A_period.h5,S001_transition_B_to_A_period.h5,.h5,5653001,5653001,True,True,False,False,False,segment_file,
DEJA-VU/segments/sub-P021/S001_transition_D_to_B_period.h5,S001_transition_D_to_B_period.h5,.h5,5505024,5646969,False,True,False,False,False,segment_file,"TRUNCATED - unar decoder failure, see decision_log.md"
DEJA-VU/segments/sub-P022/S001_neutral_baseline.h5,S001_neutral_baseline.h5,.h5,7927145,7927145,True,True,False,False,False,segment_file,
DEJA-VU/segments/sub-P022/S001_quadrant_A_pos2.h5,S001_quadrant_A_pos2.h5,.h5,5659082,5659082,True,True,False,False,False,segment_file,
DEJA-VU/segments/sub-P022/S001_quadrant_B_pos4.h5,S001_quadrant_B_pos4.h5,.h5,9522908,9522908,True,True,False,False,False,segment_file,
DEJA-VU/segments/sub-P022/S001_quadrant_C_pos3.h5,S001_quadrant_C_pos3.h5,.h5,8388608,8606425,False,True,False,False,False,segment_file,"TRUNCATED - unar decoder failure, see decision_log.md"
DEJA-VU/segments/sub-P022/S001_transition_A_to_C_period.h5,S001_transition_A_to_C_period.h5,.h5,5797996,5797996,True,True,False,False,False,segment_file,
DEJA-VU/segments/sub-P022/S001_transition_C_to_B_period.h5,S001_transition_C_to_B_period.h5,.h5,5797809,5797809,True,True,False,False,False,segment_file,
DEJA-VU/segments/sub-P022/S001_transition_D_to_A_period.h5,S001_transition_D_to_A_period.h5,.h5,5788322,5788322,True,True,False,False,False,segment_file,
DEJA-VU/segments/sub-P023/S001_neutral_baseline.h5,S001_neutral_baseline.h5,.h5,8086728,8086728,True,True,False,False,False,segment_file,
DEJA-VU/segments/sub-P023/S001_quadrant_A_pos4.h5,S001_quadrant_A_pos4.h5,.h5,7069597,7069597,True,True,False,False,False,segment_file,
DEJA-VU/segments/sub-P023/S001_quadrant_B_pos3.h5,S001_quadrant_B_pos3.h5,.h5,9437184,9683690,False,True,False,False,False,segment_file,"TRUNCATED - unar decoder failure, see decision_log.md"
DEJA-VU/segments/sub-P023/S001_quadrant_C_pos2.h5,S001_quadrant_C_pos2.h5,.h5,8650752,8729831,False,True,False,False,False,segment_file,"TRUNCATED - unar decoder failure, see decision_log.md"
DEJA-VU/segments/sub-P023/S001_transition_B_to_A_period.h5,S001_transition_B_to_A_period.h5,.h5,5910741,5910741,True,True,False,False,False,segment_file,
DEJA-VU/segments/sub-P023/S001_transition_C_to_B_period.h5,S001_transition_C_to_B_period.h5,.h5,5767168,5903626,False,True,False,False,False,segment_file,"TRUNCATED - unar decoder failure, see decision_log.md"
DEJA-VU/segments/sub-P023/S001_transition_D_to_C_period.h5,S001_transition_D_to_C_period.h5,.h5,5870992,5870992,True,True,False,False,False,segment_file,
DEJA-VU/segments/sub-P024/S001_neutral_baseline.h5,S001_neutral_baseline.h5,.h5,7943583,7943583,True,True,False,False,False,segment_file,
DEJA-VU/segments/sub-P024/S001_quadrant_A_pos2.h5,S001_quadrant_A_pos2.h5,.h5,5644210,5644210,True,True,False,False,False,segment_file,
DEJA-VU/segments/sub-P024/S001_quadrant_B_pos4.h5,S001_quadrant_B_pos4.h5,.h5,9510484,9510484,True,True,False,False,False,segment_file,
DEJA-VU/segments/sub-P024/S001_quadrant_C_pos3.h5,S001_quadrant_C_pos3.h5,.h5,7828830,7828830,True,True,False,False,False,segment_file,
DEJA-VU/segments/sub-P024/S001_transition_A_to_C_period.h5,S001_transition_A_to_C_period.h5,.h5,5788770,5788770,True,True,False,False,False,segment_file,
DEJA-VU/segments/sub-P024/S001_transition_C_to_B_period.h5,S001_transition_C_to_B_period.h5,.h5,5788146,5788146,True,True,False,False,False,segment_file,
DEJA-VU/segments/sub-P024/S001_transition_D_to_A_period.h5,S001_transition_D_to_A_period.h5,.h5,5778676,5778676,True,True,False,False,False,segment_file,
DEJA-VU/segments/sub-P025/S001_neutral_baseline.h5,S001_neutral_baseline.h5,.h5,7962180,7962180,True,True,False,False,False,segment_file,
DEJA-VU/segments/sub-P025/S001_quadrant_A_pos2.h5,S001_quadrant_A_pos2.h5,.h5,5706028,5706028,True,True,False,False,False,segment_file,
DEJA-VU/segments/sub-P025/S001_quadrant_B_pos3.h5,S001_quadrant_B_pos3.h5,.h5,7525967,7525967,True,True,False,False,False,segment_file,
DEJA-VU/segments/sub-P025/S001_quadrant_C_pos4.h5,S001_quadrant_C_pos4.h5,.h5,6284620,6284620,True,True,False,False,False,segment_file,
DEJA-VU/segments/sub-P025/S001_transition_A_to_B_period.h5,S001_transition_A_to_B_period.h5,.h5,5847870,5847870,True,True,False,False,False,segment_file,
DEJA-VU/segments/sub-P025/S001_transition_B_to_C_period.h5,S001_transition_B_to_C_period.h5,.h5,5849145,5849145,True,True,False,False,False,segment_file,
DEJA-VU/segments/sub-P025/S001_transition_D_to_A_period.h5,S001_transition_D_to_A_period.h5,.h5,5835055,5835055,True,True,False,False,False,segment_file,
DEJA-VU/segments/sub-P026/S001_neutral_baseline.h5,S001_neutral_baseline.h5,.h5,8000231,8000231,True,True,False,False,False,segment_file,
DEJA-VU/segments/sub-P026/S001_quadrant_A_pos2.h5,S001_quadrant_A_pos2.h5,.h5,6931773,6931773,True,True,False,False,False,segment_file,
DEJA-VU/segments/sub-P026/S001_quadrant_B_pos3.h5,S001_quadrant_B_pos3.h5,.h5,7519005,7519005,True,True,False,False,False,segment_file,
DEJA-VU/segments/sub-P026/S001_quadrant_C_pos4.h5,S001_quadrant_C_pos4.h5,.h5,6282777,6282777,True,True,False,False,False,segment_file,
DEJA-VU/segments/sub-P026/S001_transition_A_to_B_period.h5,S001_transition_A_to_B_period.h5,.h5,5842461,5842461,True,True,False,False,False,segment_file,
DEJA-VU/segments/sub-P026/S001_transition_B_to_C_period.h5,S001_transition_B_to_C_period.h5,.h5,5838997,5838997,True,True,False,False,False,segment_file,
DEJA-VU/segments/sub-P026/S001_transition_D_to_A_period.h5,S001_transition_D_to_A_period.h5,.h5,5818876,5818876,True,True,False,False,False,segment_file,
DEJA-VU/segments/sub-P027/S001_neutral_baseline.h5,S001_neutral_baseline.h5,.h5,8103107,8103107,True,True,False,False,False,segment_file,
DEJA-VU/segments/sub-P027/S001_quadrant_A_pos4.h5,S001_quadrant_A_pos4.h5,.h5,5808589,5808589,True,True,False,False,False,segment_file,
DEJA-VU/segments/sub-P027/S001_quadrant_B_pos3.h5,S001_quadrant_B_pos3.h5,.h5,9437184,9531916,False,True,False,False,False,segment_file,"TRUNCATED - unar decoder failure, see decision_log.md"
DEJA-VU/segments/sub-P027/S001_quadrant_C_pos2.h5,S001_quadrant_C_pos2.h5,.h5,7962033,7962033,True,True,False,False,False,segment_file,
DEJA-VU/segments/sub-P027/S001_transition_B_to_A_period.h5,S001_transition_B_to_A_period.h5,.h5,5922812,5922812,True,True,False,False,False,segment_file,
DEJA-VU/segments/sub-P027/S001_transition_C_to_B_period.h5,S001_transition_C_to_B_period.h5,.h5,5913904,5913904,True,True,False,False,False,segment_file,
DEJA-VU/segments/sub-P027/S001_transition_D_to_C_period.h5,S001_transition_D_to_C_period.h5,.h5,5882267,5882267,True,True,False,False,False,segment_file,
DEJA-VU/segments/sub-P028/S001_neutral_baseline.h5,S001_neutral_baseline.h5,.h5,8054019,8054019,True,True,False,False,False,segment_file,
DEJA-VU/segments/sub-P028/S001_quadrant_A_pos4.h5,S001_quadrant_A_pos4.h5,.h5,5762035,5762035,True,True,False,False,False,segment_file,
DEJA-VU/segments/sub-P028/S001_quadrant_B_pos2.h5,S001_quadrant_B_pos2.h5,.h5,9612034,9612034,True,True,False,False,False,segment_file,
DEJA-VU/segments/sub-P028/S001_quadrant_C_pos3.h5,S001_quadrant_C_pos3.h5,.h5,7939332,7939332,True,True,False,False,False,segment_file,
DEJA-VU/segments/sub-P028/S001_transition_B_to_C_period.h5,S001_transition_B_to_C_period.h5,.h5,5870839,5870839,True,True,False,False,False,segment_file,
DEJA-VU/segments/sub-P028/S001_transition_C_to_A_period.h5,S001_transition_C_to_A_period.h5,.h5,5767168,5870161,False,True,False,False,False,segment_file,"TRUNCATED - unar decoder failure, see decision_log.md"
DEJA-VU/segments/sub-P028/S001_transition_D_to_B_period.h5,S001_transition_D_to_B_period.h5,.h5,5862954,5862954,True,True,False,False,False,segment_file,
